Rk,Player,Nation,Pos,Squad,Age,Born,MP,Starts,Min,90s,Gls,Ast,G+A,G-PK,PK,PKatt,CrdY,CrdR,Gls,Ast,G+A,G-PK,G+A-PK,Matches,Sh,SoT,SoT%,Sh/90,SoT/90,G/Sh,G/SoT,Dist,Mn/MP,Min%,Mn/Start,Compl,Subs,Mn/Sub,unSub,PPM,onG,onGA,+/-,+/-90,On-Off,2CrdY,Fls,Fld,Off,Crs,Int,TklW,PKwon,PKcon,OG
317,Aaron Seydel,de GER,FW,Aalborg,28,1996,6,0,108,1.2,1,0,1,1,0,0,0,0,0.83,0.00,0.83,0.83,0.83,Matches,2,1,50.0,1.67,0.83,0.50,1.00,,18,3.8,,0,6,18,1,0.67,3,3,0,0.00,+1.07,0,1,1,1,0,0,4,,,0
139,Abdul Hakim Sulemana,gh GHA,MF,Randers,19,2005,7,0,64,0.7,0,0,0,0,0,0,0,0,0.00,0.00,0.00,0.00,0.00,Matches,2,0,0.0,2.81,0.00,0.00,,,9,2.2,,0,7,9,2,0.75,1,1,0,0.00,-0.22,0,1,1,2,4,0,2,,,0
17,Adam Andersson,se SWE,DF,Lyngby,27,1996,10,2,365,4.1,0,0,0,0,0,0,2,0,0.00,0.00,0.00,0.00,0.00,Matches,1,0,0.0,0.25,0.00,0.00,,,37,12.7,90,2,8,23,3,1.00,2,5,-3,-0.74,-0.24,0,4,0,0,10,5,7,,,0
65,Adam Buksa,pl POL,FW,Midtjylland,28,1996,24,18,1702,18.9,12,1,13,9,3,3,5,0,0.63,0.05,0.69,0.48,0.53,Matches,69,26,37.7,3.65,1.37,0.13,0.35,,71,59.1,84,13,6,31,1,1.88,36,22,+14,+0.74,+0.13,0,28,24,3,0,5,9,,,0
,Adam Claridge,,,,,,,,,,,,,,,,,,,,,,,,,,,,,,,,,,,0,0,,1,,,,,,,,,,,,,,,,
125,Adam Gabriel,cz CZE,DF,Midtjylland,23,2001,11,4,461,5.1,1,2,3,1,0,0,0,0,0.20,0.39,0.59,0.20,0.59,Matches,9,4,44.4,1.76,0.78,0.11,0.25,,42,16.0,80,2,7,20,8,2.73,14,5,+9,+1.76,+1.27,0,9,1,0,4,1,4,,,0
352,Adam Vendelbo,dk DEN,FW,Lyngby,21,2003,2,0,12,0.1,0,0,0,0,0,0,1,0,0.00,0.00,0.00,0.00,0.00,Matches,1,0,0.0,7.50,0.00,0.00,,,6,0.4,,0,2,6,15,0.00,0,0,0,0.00,+0.53,0,1,0,0,0,0,0,,,0
256,Adamo Nagalo,bf BFA,DF,Nordsjælland,21,2002,1,0,7,0.1,0,0,0,0,0,0,0,0,0.00,0.00,0.00,0.00,0.00,Matches,0,0,,0.00,0.00,,,,7,0.2,,0,1,7,0,3.00,0,0,0,0.00,+0.09,0,0,0,0,0,0,0,,,0
,Aksel Halsgaard,,,,,,,,,,,,,,,,,,,,,,,,,,,,,,,,,,,0,0,,3,,,,,,,,,,,,,,,,
305,Albert Rrahmani,xk KVX,MF,SønderjyskE,17,2007,2,0,51,0.6,2,0,2,2,0,0,1,0,3.53,0.00,3.53,3.53,3.53,Matches,2,2,100.0,3.53,3.53,1.00,1.00,,26,1.8,,0,2,26,3,3.00,3,2,+1,+1.76,+2.34,0,3,0,0,2,2,2,,,0
356,Alberto Vogtmann,dk DEN,DF,SønderjyskE,18,2006,2,0,16,0.2,0,0,0,0,0,0,0,0,0.00,0.00,0.00,0.00,0.00,Matches,0,0,,0.00,0.00,,,,8,0.6,,0,2,8,0,3.00,1,1,0,0.00,+0.53,0,0,0,0,0,0,0,,,0
70,Alexander Busch,dk DEN,DF,Silkeborg,21,2003,8,7,632,7.0,0,0,0,0,0,0,1,0,0.00,0.00,0.00,0.00,0.00,Matches,0,0,,0.00,0.00,,,,79,21.9,90,7,1,2,0,1.56,12,10,+2,+0.28,-0.24,0,5,8,0,0,13,7,,,0
223,Alexander Lind,dk DEN,FW,Silkeborg,22,2002,3,2,202,2.2,0,0,0,0,0,0,0,0,0.00,0.00,0.00,0.00,0.00,Matches,6,2,33.3,2.67,0.89,0.00,0.00,,67,7.0,87,1,1,28,0,2.00,1,2,-1,-0.45,-0.98,0,4,4,2,0,0,0,,,0
232,Alexander Lyng,dk DEN,"FW,MF",SønderjyskE,19,2004,23,11,1021,11.3,3,0,3,3,0,0,2,0,0.26,0.00,0.26,0.26,0.26,Matches,23,7,30.4,2.03,0.62,0.13,0.43,,44,35.5,66,1,12,24,9,1.22,18,18,0,0.00,+0.82,0,12,14,4,10,3,17,,,0
,Alexander Priesborg Madsen,,,,,,,,,,,,,,,,,,,,,,,,,,,,,,,,,,,0,0,,5,,,,,,,,,,,,,,,,
319,Alexander Simmelhack,dk DEN,FW,Silkeborg,18,2005,23,2,413,4.6,5,1,6,5,0,0,0,0,1.09,0.22,1.31,1.09,1.31,Matches,12,9,75.0,2.62,1.96,0.42,0.56,,18,14.3,79,0,21,12,4,1.42,8,5,+3,+0.65,+0.22,0,10,4,1,1,1,3,,,0
195,Alhaji Kamara,sl SLE,FW,Midtjylland,30,1994,2,0,10,0.1,0,0,0,0,0,0,0,0,0.00,0.00,0.00,0.00,0.00,Matches,0,0,,0.00,0.00,,,,5,0.3,,0,2,5,2,3.00,1,0,+1,+9.00,+8.34,0,0,0,0,0,0,1,,,0
98,Amar Diagne,dk DEN,FW,Aalborg,18,2006,3,0,25,0.3,0,0,0,0,0,0,0,0,0.00,0.00,0.00,0.00,0.00,Matches,1,0,0.0,3.60,0.00,0.00,,,8,0.9,,0,3,8,7,0.00,0,2,-2,-7.20,-6.22,0,1,0,0,0,0,1,,,0
81,Amin Chiakha,dz ALG,FW,FC Copenhagen,18,2006,17,4,460,5.1,2,0,2,2,0,0,2,0,0.39,0.00,0.39,0.39,0.39,Matches,11,4,36.4,2.15,0.78,0.18,0.50,,27,16.0,64,0,13,16,10,2.12,7,4,+3,+0.59,-0.31,0,12,4,2,1,2,2,,,0
192,Anders K. Jacobsen,dk DEN,"FW,MF",Vejle BK,34,1989,25,10,895,9.9,2,3,5,2,0,1,0,0,0.20,0.30,0.50,0.20,0.50,Matches,13,8,61.5,1.31,0.80,0.15,0.25,,36,31.1,66,2,15,16,7,1.00,14,16,-2,-0.20,+0.93,0,9,4,1,1,4,2,,,0
200,Anders Klynge,dk DEN,"MF,FW",Silkeborg,23,2000,18,14,1213,13.5,1,7,8,1,0,0,1,0,0.07,0.52,0.59,0.07,0.59,Matches,18,4,22.2,1.34,0.30,0.06,0.25,,67,42.1,80,8,4,24,0,1.68,25,17,+8,+0.59,+0.22,0,14,9,0,27,19,20,,,0
281,Anders Pedersen,,MF,SønderjyskE,,,6,1,113,1.3,0,1,1,0,0,0,0,0,0.00,0.80,0.80,0.00,0.80,Matches,0,0,,0.00,0.00,,,,19,3.9,63,0,5,10,4,1.33,1,3,-2,-1.59,-1.11,0,0,1,0,4,1,3,,,0
333,Anders Sønderskov,dk DEN,DF,Vejle BK,18,2006,1,0,38,0.4,0,0,0,0,0,0,0,0,0.00,0.00,0.00,0.00,0.00,Matches,1,0,0.0,2.37,0.00,0.00,,,38,1.3,,0,1,38,6,0.00,2,3,-1,-2.37,-1.55,0,0,1,0,0,1,0,,,0
50,Andreas Bjelland,dk DEN,DF,Lyngby,36,1988,3,3,171,1.9,0,0,0,0,0,0,0,0,0.00,0.00,0.00,0.00,0.00,Matches,0,0,,0.00,0.00,,,,57,5.9,57,0,0,,7,0.33,1,5,-4,-2.11,-1.67,0,2,0,0,0,2,3,,,0
63,Andreas Bruus,dk DEN,"DF,MF",Aalborg,25,1999,20,19,1534,17.0,0,0,0,0,0,0,2,0,0.00,0.00,0.00,0.00,0.00,Matches,11,2,18.2,0.65,0.12,0.00,0.00,,77,53.3,78,8,1,45,0,0.70,19,29,-10,-0.59,+0.95,0,5,14,1,53,16,6,,,0
87,Andreas Cornelius,dk DEN,FW,FC Copenhagen,31,1993,19,12,1118,12.4,3,4,7,3,0,0,4,0,0.24,0.32,0.56,0.24,0.56,Matches,31,11,35.5,2.50,0.89,0.10,0.27,,59,38.8,81,6,7,21,0,2.00,26,14,+12,+0.97,+0.20,0,32,11,9,1,3,4,,,0
,Andreas Gülstorff,,,,,,,,,,,,,,,,,,,,,,,,,,,,,,,,,,,0,0,,3,,,,,,,,,,,,,,,,
142,Andreas Hansen,dk DEN,GK,Nordsjælland,28,1995,30,30,2700,30.0,0,0,0,0,0,0,0,0,0.00,0.00,0.00,0.00,0.00,Matches,0,0,,0.00,0.00,,,,90,93.8,90,30,0,,2,1.53,53,53,0,0.00,+1.50,0,0,1,0,0,1,1,,,1
269,Andreas Oggesen,dk DEN,"DF,MF",SønderjyskE,30,1994,30,27,2466,27.4,0,6,6,0,0,0,4,0,0.00,0.22,0.22,0.00,0.22,Matches,3,0,0.0,0.11,0.00,0.00,,,82,85.6,88,20,3,31,0,1.23,41,56,-15,-0.55,-0.11,0,16,9,0,80,14,24,,,0
286,Andreas Poulsen,dk DEN,DF,Silkeborg,24,1999,21,16,1484,16.5,0,2,2,0,0,0,2,0,0.00,0.12,0.12,0.00,0.12,Matches,24,0,0.0,1.46,0.00,0.00,,,71,51.5,84,6,5,28,8,1.77,29,20,+9,+0.55,+0.16,0,11,9,4,68,19,18,,,0
291,Andreas Pyndt Andersen,dk DEN,MF,Silkeborg,23,2001,2,2,153,1.7,1,0,1,1,0,0,0,0,0.59,0.00,0.59,0.59,0.59,Matches,1,1,100.0,0.59,0.59,1.00,1.00,,77,5.3,77,1,0,,3,3.00,4,2,+2,+1.18,+0.75,0,0,1,0,1,4,3,,,0
175,Andres Jasson,us USA,"MF,FW",Aalborg,22,2002,31,16,1517,16.9,1,3,4,1,0,0,5,0,0.06,0.18,0.24,0.06,0.24,Matches,25,4,16.0,1.48,0.24,0.04,0.25,,49,52.7,76,4,15,20,0,0.74,18,34,-16,-0.95,+0.17,0,28,48,1,26,16,24,,,0
306,André Rømer,dk DEN,MF,Midtjylland,31,1993,4,1,194,2.2,0,0,0,0,0,0,0,0,0.00,0.00,0.00,0.00,0.00,Matches,3,0,0.0,1.39,0.00,0.00,,,49,6.7,90,1,3,35,1,2.00,4,0,+4,+1.86,+1.25,0,1,2,0,0,2,2,,,0
307,André Rømer,dk DEN,MF,Randers,31,1993,26,22,1906,21.2,1,2,3,1,0,0,5,0,0.05,0.09,0.14,0.05,0.14,Matches,3,0,0.0,1.39,0.00,0.00,,,49,6.7,90,1,3,35,1,2.00,4,0,+4,+1.86,+1.25,0,1,2,0,0,2,2,,,0
112,Anosike Ementa,dk DEN,FW,Viborg,22,2002,31,8,1110,12.3,3,1,4,3,0,0,2,0,0.24,0.08,0.32,0.24,0.32,Matches,27,10,37.0,2.19,0.81,0.11,0.30,,36,38.5,82,5,23,20,1,1.42,18,23,-5,-0.41,-1.02,0,27,22,2,2,6,4,,,0
321,Aral Şimşir,dk DEN,"MF,FW",Midtjylland,22,2002,23,15,1392,15.5,3,6,9,2,1,1,0,0,0.19,0.39,0.58,0.13,0.52,Matches,36,12,33.3,2.33,0.78,0.06,0.17,,61,48.3,76,6,8,31,0,2.00,31,23,+8,+0.52,-0.33,0,7,31,0,59,2,2,,,0
250,Araphat Mohammed,gh GHA,MF,Nordsjælland,18,2005,6,0,54,0.6,0,0,0,0,0,0,1,1,0.00,0.00,0.00,0.00,0.00,Matches,2,2,100.0,3.33,3.33,0.00,0.00,,9,1.9,,0,6,9,13,1.00,1,2,-1,-1.67,-1.60,0,2,0,0,2,0,2,,,0
23,Aske Andresen,dk DEN,GK,Silkeborg,19,2005,1,1,90,1.0,0,0,0,0,0,0,0,0,0.00,0.00,0.00,0.00,0.00,Matches,0,0,,0.00,0.00,,,,90,3.1,90,1,0,,26,0.00,1,2,-1,-1.00,-1.52,0,0,0,0,0,0,0,,,0
44,Asker Beck,dk DEN,MF,Viborg,21,2003,12,5,524,5.8,0,0,0,0,0,0,1,0,0.00,0.00,0.00,0.00,0.00,Matches,15,4,26.7,2.58,0.69,0.00,0.00,,44,18.2,82,1,7,17,1,1.67,8,10,-2,-0.34,-0.69,0,8,6,0,4,1,9,,,0
39,Atli Barkarson,is ISL,"DF,MF",SønderjyskE,23,2001,4,4,360,4.0,0,0,0,0,0,0,0,0,0.00,0.00,0.00,0.00,0.00,Matches,4,0,0.0,1.00,0.00,0.00,,,90,12.5,90,4,0,,0,0.25,1,8,-7,-1.75,-1.39,0,6,2,1,32,3,3,,,0
302,Baptiste Rolland,fr FRA,DF,Lyngby,21,2003,7,5,327,3.6,0,0,0,0,0,0,1,0,0.00,0.00,0.00,0.00,0.00,Matches,4,1,25.0,1.10,0.28,0.00,0.00,,47,11.4,55,0,2,27,13,1.00,5,3,+2,+0.55,+1.22,0,5,5,0,4,7,8,,,0
,Benicio Pená,,,,,,,,,,,,,,,,,,,,,,,,,,,,,,,,,,,0,0,,5,,,,,,,,,,,,,,,,
266,Benjamin Nygren,se SWE,"FW,MF",Nordsjælland,23,2001,30,28,2551,28.3,15,2,17,15,0,1,1,0,0.53,0.07,0.60,0.53,0.60,Matches,82,40,48.8,2.89,1.41,0.18,0.38,,85,88.6,88,21,2,38,0,1.40,44,53,-9,-0.32,-1.96,0,30,25,0,31,10,24,,,0
,Benjamin Rasmussen,,,,,,,,,,,,,,,,,,,,,,,,,,,,,,,,,,,0,0,,1,,,,,,,,,,,,,,,,
336,Benjamin Tahirovic,ba BIH,MF,Brøndby,21,2003,15,10,851,9.5,0,1,1,0,0,0,2,0,0.00,0.11,0.11,0.00,0.11,Matches,6,2,33.3,0.63,0.21,0.00,0.00,,57,29.5,80,6,5,11,0,1.60,16,16,0,0.00,-0.53,0,8,13,0,19,8,11,,,0
282,Bertil Pedersen,dk DEN,GK,Aalborg,17,2007,1,1,90,1.0,0,0,0,0,0,0,0,0,0.00,0.00,0.00,0.00,0.00,Matches,0,0,,0.00,0.00,,,,90,3.1,90,1,0,,11,0.00,1,3,-2,-2.00,-1.00,0,0,0,0,0,0,0,,,0
,Bertram Kvist,,,,,,,,,,,,,,,,,,,,,,,,,,,,,,,,,,,0,0,,1,,,,,,,,,,,,,,,,
,Bertram Skovgaard,,,,,,,,,,,,,,,,,,,,,,,,,,,,,,,,,,,0,0,,1,,,,,,,,,,,,,,,,
,Bilal Konteh,,,,,,,,,,,,,,,,,,,,,,,,,,,,,,,,,,,0,0,,1,,,,,,,,,,,,,,,,
247,Birger Meling,no NOR,"DF,MF",FC Copenhagen,29,1994,10,7,538,6.0,0,0,0,0,0,0,0,0,0.00,0.00,0.00,0.00,0.00,Matches,3,1,33.3,0.50,0.17,0.00,0.00,,54,18.7,71,4,3,15,6,2.10,8,4,+4,+0.67,-0.21,0,3,6,0,20,6,8,,,0
290,Bjarne Pudel,de GER,DF,Aalborg,23,2001,21,19,1690,18.8,1,1,2,1,0,0,6,1,0.05,0.05,0.11,0.05,0.11,Matches,1,1,100.0,0.05,0.05,1.00,1.00,,80,58.7,87,16,2,18,5,0.71,26,33,-7,-0.37,+1.59,0,19,17,1,3,31,10,,,0
204,Björn Kopplin,de GER,DF,Randers,35,1989,16,0,178,2.0,0,0,0,0,0,0,0,0,0.00,0.00,0.00,0.00,0.00,Matches,1,0,0.0,0.51,0.00,0.00,,,11,6.2,,0,16,11,10,1.75,3,3,0,0.00,-0.23,0,1,3,0,7,6,2,,,0
140,Brian Hamalainen,dk DEN,DF,Lyngby,35,1989,13,10,801,8.9,0,0,0,0,0,0,1,0,0.00,0.00,0.00,0.00,0.00,Matches,8,1,12.5,0.90,0.11,0.00,0.00,,62,27.8,77,4,3,10,6,0.77,7,12,-5,-0.56,-0.04,0,2,4,0,29,7,2,,,0
367,Caleb Yirenkyi,gh GHA,MF,Nordsjælland,18,2006,17,14,1204,13.4,2,2,4,2,0,0,4,0,0.15,0.15,0.30,0.15,0.30,Matches,10,6,60.0,0.75,0.45,0.20,0.33,,71,41.8,84,9,3,7,8,1.35,22,23,-1,-0.07,+0.03,0,33,11,2,1,18,16,,,0
246,Callum McCowatt,nz NZL,"MF,FW",Silkeborg,25,1999,22,13,1206,13.4,5,3,8,5,0,0,1,0,0.37,0.22,0.60,0.37,0.60,Matches,43,14,32.6,3.21,1.04,0.12,0.36,,55,41.9,74,3,9,27,2,1.57,24,16,+8,+0.60,+0.22,0,21,8,4,47,4,9,,,0
,Carl Christensen,,,,,,,,,,,,,,,,,,,,,,,,,,,,,,,,,,,0,0,,4,,,,,,,,,,,,,,,,
364,Casper Winther,dk DEN,MF,Lyngby,21,2003,26,24,1960,21.8,1,1,2,1,0,0,5,0,0.05,0.05,0.09,0.05,0.09,Matches,28,6,21.4,1.29,0.28,0.04,0.17,,75,68.1,80,12,2,24,3,0.85,14,27,-13,-0.60,-0.21,0,14,10,0,41,21,16,,,0
160,Charly Horneman,dk DEN,FW,Viborg,20,2004,26,4,577,6.4,3,1,4,3,0,0,1,0,0.47,0.16,0.62,0.47,0.62,Matches,21,11,52.4,3.28,1.72,0.14,0.27,,22,20.0,63,0,22,15,4,1.69,12,6,+6,+0.94,+0.90,0,7,8,1,7,5,1,,,0
76,Christian Cappis,us USA,MF,Brøndby,24,1999,1,0,1,0.0,0,0,0,0,0,0,0,0,0.00,0.00,0.00,0.00,0.00,Matches,0,0,,0.00,0.00,,,,1,0.0,,0,1,1,2,3.00,0,0,0,0.00,-0.38,0,0,0,0,0,0,0,,,0
127,Christian Gammelgaard,dk DEN,"FW,MF",Vejle BK,21,2003,30,20,1582,17.6,1,6,7,1,0,0,1,0,0.06,0.34,0.40,0.06,0.40,Matches,33,8,24.2,1.88,0.46,0.03,0.13,,53,54.9,68,3,10,23,1,0.87,25,34,-9,-0.51,+0.74,0,14,7,3,94,5,10,,,0
,Christian Storch,,,,,,,,,,,,,,,,,,,,,,,,,,,,,,,,,,,0,0,,3,,,,,,,,,,,,,,,,
334,Christian Sørensen,dk DEN,"DF,MF",FC Copenhagen,31,1992,1,0,45,0.5,0,0,0,0,0,0,0,0,0.00,0.00,0.00,0.00,0.00,Matches,3,0,0.0,6.00,0.00,0.00,,,45,1.6,,0,1,45,2,1.00,1,0,+1,+2.00,+1.17,0,0,0,0,15,0,0,,,0
335,Christian Sørensen,dk DEN,DF,Midtjylland,31,1992,6,3,264,2.9,0,1,1,0,0,0,0,0,0.00,0.34,0.34,0.00,0.34,Matches,3,0,0.0,6.00,0.00,0.00,,,45,1.6,,0,1,45,2,1.00,1,0,+1,+2.00,+1.17,0,0,0,0,15,0,0,,,0
337,Christian Tcacenco,dk DEN,DF,Aalborg,17,2007,2,0,47,0.5,0,0,0,0,0,0,0,0,0.00,0.00,0.00,0.00,0.00,Matches,1,0,0.0,1.91,0.00,0.00,,,24,1.6,,0,2,24,1,1.50,1,2,-1,-1.91,-0.90,0,1,0,0,1,1,1,,,0
,Christian Østergaard,,,,,,,,,,,,,,,,,,,,,,,,,,,,,,,,,,,0,0,,3,,,,,,,,,,,,,,,,
,Clemens Astrup,,,,,,,,,,,,,,,,,,,,,,,,,,,,,,,,,,,0,0,,1,,,,,,,,,,,,,,,,
49,Clement Bischoff,dk DEN,MF,Brøndby,18,2005,29,21,1726,19.2,2,3,5,2,0,0,3,1,0.10,0.16,0.26,0.10,0.26,Matches,40,18,45.0,2.09,0.94,0.05,0.11,,60,59.9,74,5,8,21,1,1.59,32,26,+6,+0.31,-0.16,0,22,31,2,63,9,24,,,0
148,Conrad Harder,dk DEN,FW,Nordsjælland,19,2005,7,7,584,6.5,2,3,5,2,0,0,0,0,0.31,0.46,0.77,0.31,0.77,Matches,30,8,26.7,4.62,1.23,0.07,0.25,,83,20.3,83,3,0,,0,1.57,12,13,-1,-0.15,-0.08,0,9,5,5,14,4,5,,,0
363,Dalton Wilkins,nz NZL,DF,SønderjyskE,25,1999,9,3,284,3.2,0,0,0,0,0,0,2,0,0.00,0.00,0.00,0.00,0.00,Matches,1,0,0.0,0.32,0.00,0.00,,,32,9.9,72,1,6,11,2,0.89,6,5,+1,+0.32,+0.94,0,3,6,1,8,4,4,,,0
62,Damian van Bruggen,nl NED,DF,Vejle BK,28,1996,29,26,2271,25.2,1,0,1,1,0,0,4,0,0.04,0.00,0.04,0.04,0.04,Matches,6,3,50.0,0.24,0.12,0.17,0.33,,78,78.9,87,22,3,7,3,0.97,29,49,-20,-0.79,+0.24,0,28,7,0,0,28,21,,,0
27,Daniel Anyembe,ke KEN,DF,Viborg,26,1998,31,30,2701,30.0,1,2,3,1,0,0,4,0,0.03,0.07,0.10,0.03,0.10,Matches,2,1,50.0,0.07,0.03,0.50,1.00,,87,93.8,89,28,1,21,0,1.52,54,44,+10,+0.33,+1.84,0,8,17,1,25,30,30,,,1
36,Daniel Bandeira,pt POR,MF,Midtjylland,24,2000,13,10,846,9.4,1,0,1,1,0,0,2,0,0.11,0.00,0.11,0.11,0.11,Matches,11,4,36.4,1.17,0.43,0.09,0.25,,65,29.4,75,3,3,31,2,1.77,17,14,+3,+0.32,-0.52,0,13,13,0,22,17,9,,,0
164,Daniel Høegh,dk DEN,DF,Randers,33,1991,32,32,2880,32.0,1,1,2,1,0,0,2,0,0.03,0.03,0.06,0.03,0.06,Matches,15,7,46.7,0.47,0.22,0.07,0.14,,90,100.0,90,32,0,,0,1.45,57,50,+7,+0.22,,0,13,15,0,4,34,24,,,0
331,Daniel Svensson,se SWE,"DF,MF",Nordsjælland,22,2002,17,17,1530,17.0,0,1,1,0,0,0,2,0,0.00,0.06,0.06,0.00,0.06,Matches,12,3,25.0,0.71,0.18,0.00,0.00,,90,53.1,90,17,0,,0,1.53,30,29,+1,+0.06,+0.33,0,11,22,1,115,24,21,,,0
359,Daniel Wass,dk DEN,MF,Brøndby,35,1989,30,26,2174,24.2,2,3,5,0,2,3,3,0,0.08,0.12,0.21,0.00,0.12,Matches,26,12,46.2,1.08,0.50,0.00,0.00,,72,75.5,81,14,4,18,1,1.57,47,38,+9,+0.37,-0.01,0,20,36,0,131,33,20,,,1
221,Daníel Leó Grétarsson,is ISL,DF,SønderjyskE,28,1995,22,21,1852,20.6,1,0,1,1,0,0,4,0,0.05,0.00,0.05,0.05,0.05,Matches,10,2,20.0,0.49,0.10,0.10,0.50,,84,64.3,87,17,1,30,0,1.32,30,36,-6,-0.29,+0.67,0,16,33,3,2,30,13,,,0
277,Darío Osorio,cl CHI,"MF,FW",Midtjylland,20,2004,24,17,1503,16.7,3,2,5,3,0,0,5,1,0.18,0.12,0.30,0.18,0.30,Matches,60,16,26.7,3.59,0.96,0.05,0.19,,63,52.2,76,2,7,30,1,1.92,35,26,+9,+0.54,-0.31,0,21,26,8,62,16,27,,,0
176,David Jensen,dk DEN,GK,Lyngby,32,1992,1,0,62,0.7,0,0,0,0,0,0,0,0,0.00,0.00,0.00,0.00,0.00,Matches,0,0,,0.00,0.00,,,,62,2.2,,0,1,62,9,1.00,0,0,0,0.00,+0.54,0,0,0,0,0,0,0,,,0
85,David Čolina,hr CRO,"DF,MF",Vejle BK,24,2000,26,24,2167,24.1,0,3,3,0,0,0,2,0,0.00,0.12,0.12,0.00,0.12,Matches,5,1,20.0,0.21,0.04,0.00,0.00,,83,75.2,88,20,2,32,1,1.08,25,44,-19,-0.79,+0.22,0,25,17,2,92,26,28,,,0
78,Denil Castillo,ec ECU,MF,Midtjylland,20,2004,22,11,862,9.6,0,0,0,0,0,0,4,0,0.00,0.00,0.00,0.00,0.00,Matches,7,4,57.1,0.73,0.42,0.00,0.00,,39,29.9,58,1,11,20,9,2.09,17,12,+5,+0.52,-0.24,0,9,29,1,6,11,5,,,0
203,Denis Kolinger,hr CRO,DF,Vejle BK,30,1994,2,2,173,1.9,0,0,0,0,0,0,1,0,0.00,0.00,0.00,0.00,0.00,Matches,3,0,0.0,1.56,0.00,0.00,,,87,6.0,87,1,0,,2,0.00,2,4,-2,-1.04,-0.21,0,6,1,0,0,1,7,,,0
349,Denis Vavro,sk SVK,DF,FC Copenhagen,28,1996,5,3,295,3.3,0,0,0,0,0,0,1,0,0.00,0.00,0.00,0.00,0.00,Matches,2,1,50.0,0.61,0.31,0.00,0.00,,59,10.2,84,2,2,22,1,1.60,4,4,0,0.00,-0.94,0,3,0,0,1,6,3,,,0
297,Diant Ramaj,de GER,GK,FC Copenhagen,22,2001,12,12,1079,12.0,0,0,0,0,0,0,2,1,0.00,0.00,0.00,0.00,0.00,Matches,0,0,,0.00,0.00,,,,90,37.5,90,11,0,,0,2.00,20,7,+13,+1.08,+0.38,0,0,1,0,0,0,0,,,0
73,Diego Caballo Alonso,es ESP,DF,Aalborg,30,1994,5,0,84,0.9,0,0,0,0,0,0,0,0,0.00,0.00,0.00,0.00,0.00,Matches,0,0,,0.00,0.00,,,,17,2.9,,0,5,17,4,1.00,1,4,-3,-3.21,-2.25,0,2,0,0,7,2,2,,,0
115,Dimitrios Emmanouilidis,gr GRE,"MF,FW",Vejle BK,23,2000,29,23,1755,19.5,5,1,6,5,0,0,1,0,0.26,0.05,0.31,0.26,0.31,Matches,49,20,40.8,2.51,1.03,0.10,0.25,,61,60.9,68,0,6,32,3,0.86,21,42,-21,-1.08,-0.60,0,16,12,17,58,7,8,,,0
131,Diogo Gonçalves,pt POR,MF,FC Copenhagen,27,1997,2,2,122,1.4,1,0,1,0,1,1,0,0,0.74,0.00,0.74,0.00,0.00,Matches,3,3,100.0,2.21,2.21,0.00,0.00,,61,4.2,61,0,0,,0,3.00,3,2,+1,+0.74,-0.11,0,1,0,2,5,0,0,,,0
268,Ebenezer Ofori,gh GHA,"DF,MF",Vejle BK,29,1995,1,0,28,0.3,0,0,0,0,0,0,1,0,0.00,0.00,0.00,0.00,0.00,Matches,0,0,,0.00,0.00,,,,28,1.0,,0,1,28,6,0.00,1,1,0,0.00,+0.85,0,2,1,0,0,0,0,,,0
108,Ebube Duru,ng NGA,DF,SønderjyskE,25,1999,20,15,1238,13.8,1,0,1,1,0,0,0,0,0.07,0.00,0.07,0.07,0.07,Matches,4,1,25.0,0.29,0.07,0.25,1.00,,62,43.0,76,4,5,21,4,1.50,21,30,-9,-0.65,-0.22,0,14,14,1,26,16,24,,,0
82,Edward Chilufya,zm ZAM,FW,Midtjylland,24,1999,20,5,674,7.5,3,5,8,3,0,0,1,0,0.40,0.67,1.07,0.40,1.07,Matches,18,7,38.9,2.40,0.93,0.17,0.43,,34,23.4,63,0,15,24,4,2.05,20,8,+12,+1.60,+1.19,0,18,7,12,12,7,5,,,0
3,Elias Achouri,tn TUN,"MF,FW",FC Copenhagen,25,1999,23,15,1480,16.4,2,5,7,2,0,0,5,0,0.12,0.30,0.43,0.12,0.43,Matches,33,13,39.4,2.01,0.79,0.06,0.15,,64,51.4,78,5,8,39,1,1.74,31,17,+14,+0.85,+0.02,0,21,23,8,54,5,21,,,0
18,Elias Andersson,se SWE,DF,Viborg,28,1996,6,5,392,4.4,0,0,0,0,0,0,1,1,0.00,0.00,0.00,0.00,0.00,Matches,0,0,,0.00,0.00,,,,65,13.6,78,2,1,2,2,1.33,7,10,-3,-0.69,-1.05,0,2,4,0,18,6,5,,,1
,Elias Jelert,,,,,,,,,,,,,,,,,,,,,,,,,,,,,,,,,,,0,0,,1,,,,,,,,,,,,,,,,
235,Elies Mahmoud,fr FRA,MF,Randers,23,2001,12,3,350,3.9,1,0,1,1,0,0,3,0,0.26,0.00,0.26,0.26,0.26,Matches,5,2,40.0,1.29,0.51,0.20,0.50,,29,12.2,57,0,9,20,2,1.08,4,10,-6,-1.54,-2.01,0,12,7,0,22,4,11,,,0
236,Elison Makolli,se SWE,DF,Aalborg,19,2005,3,1,92,1.0,0,0,0,0,0,0,0,0,0.00,0.00,0.00,0.00,0.00,Matches,0,0,,0.00,0.00,,,,31,3.2,45,0,2,24,9,1.00,0,1,-1,-0.98,+0.05,0,1,1,0,1,2,1,,,0
295,Elías Rafn Ólafsson,is ISL,GK,Midtjylland,24,2000,22,22,1980,22.0,0,0,0,0,0,0,0,0,0.00,0.00,0.00,0.00,0.00,Matches,0,0,,0.00,0.00,,,,90,68.8,90,22,0,,9,1.91,40,30,+10,+0.45,-0.75,0,0,1,0,0,2,0,,,0
240,Emiliano Martínez,uy URU,MF,Midtjylland,24,1999,15,13,1088,12.1,0,1,1,0,0,0,4,0,0.00,0.08,0.08,0.00,0.08,Matches,9,1,11.1,0.74,0.08,0.00,0.00,,73,37.8,79,5,2,32,0,2.13,21,14,+7,+0.58,-0.17,0,14,11,0,5,20,28,,,0
365,Emmanuel Yeboah,gh GHA,FW,Brøndby,21,2003,5,0,56,0.6,2,0,2,2,0,0,0,0,3.21,0.00,3.21,3.21,3.21,Matches,5,2,40.0,8.04,3.21,0.40,1.00,,11,1.9,,0,5,11,2,1.40,2,1,+1,+1.61,+1.26,0,4,0,1,2,0,1,,,0
366,Emmanuel Yeboah,gh GHA,FW,Vejle BK,21,2003,9,3,410,4.6,0,0,0,0,0,0,2,0,0.00,0.00,0.00,0.00,0.00,Matches,5,2,40.0,8.04,3.21,0.40,1.00,,11,1.9,,0,5,11,2,1.40,2,1,+1,+1.61,+1.26,0,4,0,1,2,0,1,,,0
279,Enoch Otoo,gh GHA,MF,Lyngby,20,2004,1,0,18,0.2,0,0,0,0,0,0,0,0,0.00,0.00,0.00,0.00,0.00,Matches,1,0,0.0,5.00,0.00,0.00,,,18,0.6,,0,1,18,6,0.00,0,1,-1,-5.00,-4.50,0,0,0,0,0,0,0,,,0
194,Eric Kahl,se SWE,DF,AGF,22,2001,25,21,1862,20.7,0,2,2,0,0,0,4,0,0.00,0.10,0.10,0.00,0.10,Matches,10,2,20.0,0.48,0.10,0.00,0.00,,74,64.7,83,13,4,28,2,1.44,35,23,+12,+0.58,+1.02,0,17,15,0,60,20,24,,,0
241,Erik Marxen,dk DEN,DF,Nordsjælland,33,1990,8,4,334,3.7,0,0,0,0,0,0,0,0,0.00,0.00,0.00,0.00,0.00,Matches,0,0,,0.00,0.00,,,,42,11.6,76,2,4,7,9,1.88,7,6,+1,+0.27,+0.41,0,1,3,0,0,3,1,,,0
8,Ernest Agyiri,gh GHA,MF,Randers,26,1998,1,0,13,0.1,0,0,0,0,0,0,0,0,0.00,0.00,0.00,0.00,0.00,Matches,0,0,,0.00,0.00,,,,13,0.5,,0,1,13,1,0.00,0,0,0,0.00,-0.22,0,0,0,0,0,0,0,,,0
,Eugene Amankwah,,,,,,,,,,,,,,,,,,,,,,,,,,,,,,,,,,,0,0,,7,,,,,,,,,,,,,,,,
45,Felix Beijmo,se SWE,"MF,DF",AGF,26,1998,31,30,2525,28.1,2,3,5,2,0,0,4,1,0.07,0.11,0.18,0.07,0.18,Matches,25,12,48.0,0.89,0.43,0.08,0.17,,81,87.7,83,17,1,32,0,1.29,50,39,+11,+0.39,+1.41,1,17,11,1,193,17,21,,,0
66,Filip Bundgaard,dk DEN,"MF,FW",Brøndby,20,2004,24,8,683,7.6,2,1,3,2,0,0,2,0,0.26,0.13,0.40,0.26,0.40,Matches,23,6,26.1,3.03,0.79,0.09,0.33,,28,23.7,61,0,16,12,7,1.29,14,6,+8,+1.05,+0.89,0,10,5,1,13,5,10,,,0
95,Florian Danho Seke,fr FRA,FW,Randers,24,2000,19,15,1025,11.4,2,3,5,2,0,0,3,1,0.18,0.26,0.44,0.18,0.44,Matches,33,13,39.4,2.90,1.14,0.06,0.15,,54,35.6,63,0,4,22,3,1.63,22,17,+5,+0.44,+0.34,0,19,24,11,3,1,4,,,0
104,Franculino Djú,gw GNB,FW,Midtjylland,20,2004,28,22,1683,18.7,11,3,14,10,1,1,3,0,0.59,0.16,0.75,0.53,0.70,Matches,62,28,45.2,3.32,1.50,0.16,0.36,,60,58.4,71,5,6,21,0,2.00,38,26,+12,+0.64,-0.11,0,10,12,7,13,5,11,,,0
58,Frederik Brandhof,dk DEN,MF,AGF,28,1996,22,5,618,6.9,0,0,0,0,0,0,2,0,0.00,0.00,0.00,0.00,0.00,Matches,3,1,33.3,0.44,0.15,0.00,0.00,,28,21.5,74,0,17,15,10,1.27,13,9,+4,+0.58,+0.46,0,12,15,0,9,7,11,,,0
77,Frederik Carlsen,dk DEN,FW,Silkeborg,22,2001,4,1,133,1.5,2,0,2,2,0,0,0,0,1.35,0.00,1.35,1.35,1.35,Matches,4,4,100.0,2.71,2.71,0.50,0.50,,33,4.6,83,0,3,17,11,0.75,2,5,-3,-2.03,-2.62,0,2,2,0,1,1,1,,,0
,Frederik Carstensen,,,,,,,,,,,,,,,,,,,,,,,,,,,,,,,,,,,0,0,,1,,,,,,,,,,,,,,,,
93,Frederik Damkjer,,MF,Viborg,,,5,2,174,1.9,1,0,1,1,0,0,0,0,0.52,0.00,0.52,0.52,0.52,Matches,1,1,100.0,0.52,0.52,1.00,1.00,,35,6.0,62,0,3,17,5,2.20,6,3,+3,+1.55,+1.42,0,1,0,0,0,0,2,,,0
116,Frederik Emmery,dk DEN,FW,AGF,17,2006,7,0,72,0.8,0,0,0,0,0,0,0,0,0.00,0.00,0.00,0.00,0.00,Matches,5,0,0.0,6.25,0.00,0.00,,,10,2.5,,0,7,10,4,0.43,1,2,-1,-1.25,-1.51,0,1,4,0,6,0,3,,,0
138,Frederik Gytkjær,dk DEN,FW,Lyngby,31,1993,27,14,1443,16.0,8,2,10,7,1,1,5,0,0.50,0.12,0.62,0.44,0.56,Matches,31,12,38.7,1.93,0.75,0.23,0.58,,53,50.1,78,3,13,28,1,0.85,17,24,-7,-0.44,+0.19,0,49,30,18,12,4,6,,,0
167,Frederik Ibsen,dk DEN,DF,Brøndby,24,1999,22,18,1640,18.2,2,0,2,2,0,0,2,0,0.11,0.00,0.11,0.11,0.11,Matches,7,4,57.1,0.38,0.22,0.29,0.50,,75,56.9,87,16,4,17,4,1.50,34,27,+7,+0.38,+0.02,0,10,5,0,0,21,19,,,0
218,Frederik Lauenborg,dk DEN,"MF,DF",Randers,27,1997,14,4,348,3.9,2,0,2,2,0,0,2,0,0.52,0.00,0.52,0.52,0.52,Matches,4,2,50.0,1.03,0.52,0.50,1.00,,25,12.1,41,0,10,19,6,1.47,7,9,-2,-0.52,-0.84,0,3,2,0,1,4,6,,,0
341,Frederik Tingager,dk DEN,DF,AGF,31,1993,30,30,2582,28.7,2,0,2,2,0,0,0,0,0.07,0.00,0.07,0.07,0.07,Matches,20,8,40.0,0.70,0.28,0.10,0.25,,86,89.7,86,27,0,,0,1.33,49,35,+14,+0.49,+2.60,0,18,21,0,1,21,25,,,1
,Frej Elkjær Andersen,,,,,,,,,,,,,,,,,,,,,,,,,,,,,,,,,,,0,0,,3,,,,,,,,,,,,,,,,
285,Gabriel Pereira,br BRA,DF,FC Copenhagen,24,2000,26,25,2146,23.8,3,1,4,3,0,0,5,0,0.13,0.04,0.17,0.13,0.17,Matches,15,5,33.3,0.63,0.21,0.20,0.60,,83,74.5,85,20,1,25,2,1.81,44,28,+16,+0.67,-0.68,0,12,11,1,6,31,15,,,0
41,Gavin Beavers,us USA,GK,Brøndby,19,2005,1,1,90,1.0,0,0,0,0,0,0,0,0,0.00,0.00,0.00,0.00,0.00,Matches,0,0,,0.00,0.00,,,,90,3.1,90,1,0,,2,1.00,0,0,0,0.00,-0.39,0,0,0,0,0,0,0,,,0
273,German Onugkha,ru RUS,FW,FC Copenhagen,28,1996,4,3,212,2.4,0,0,0,0,0,0,0,0,0.00,0.00,0.00,0.00,0.00,Matches,11,3,27.3,4.67,1.27,0.00,0.00,,53,7.4,68,1,1,7,4,1.75,2,3,-1,-0.42,-1.37,0,3,1,1,1,0,2,,,0
274,German Onugkha,ru RUS,FW,Vejle BK,28,1996,21,21,1827,20.3,13,1,14,12,1,1,1,0,0.64,0.05,0.69,0.59,0.64,Matches,11,3,27.3,4.67,1.27,0.00,0.00,,53,7.4,68,1,1,7,4,1.75,2,3,-1,-0.42,-1.37,0,3,1,1,1,0,2,,,0
225,Gift Links,za RSA,"MF,DF",AGF,25,1998,25,24,1925,21.4,2,3,5,2,0,0,2,0,0.09,0.14,0.23,0.09,0.23,Matches,44,13,29.5,2.06,0.61,0.05,0.15,,77,66.8,78,5,1,45,0,1.48,40,26,+14,+0.65,+1.31,0,27,31,7,210,22,24,,,0
130,Giorgi Gocholeishvili,ge GEO,DF,FC Copenhagen,23,2001,21,15,1397,15.5,1,1,2,1,0,0,3,0,0.06,0.06,0.13,0.06,0.13,Matches,19,4,21.1,1.22,0.26,0.05,0.25,,67,48.5,78,7,6,38,7,1.81,28,20,+8,+0.52,-0.64,0,8,31,2,71,15,35,,,0
,Gustav Bjerge,,,,,,,,,,,,,,,,,,,,,,,,,,,,,,,,,,,0,0,,1,,,,,,,,,,,,,,,,
122,Gustav Fraulo,dk DEN,"MF,DF",Lyngby,19,2005,10,3,303,3.4,0,0,0,0,0,0,1,0,0.00,0.00,0.00,0.00,0.00,Matches,4,1,25.0,1.19,0.30,0.00,0.00,,30,10.5,87,2,7,6,10,1.10,5,9,-4,-1.19,-0.73,0,3,9,0,8,3,4,,,0
362,Gustav Wikheim,no NOR,FW,Nordsjælland,31,1993,12,5,457,5.1,1,0,1,1,0,0,0,0,0.20,0.00,0.20,0.20,0.20,Matches,5,3,60.0,0.98,0.59,0.20,0.33,,38,15.9,58,0,7,24,1,1.67,9,12,-3,-0.59,-0.59,0,4,7,1,7,1,5,,,0
,Hamza Akman,,,,,,,,,,,,,,,,,,,,,,,,,,,,,,,,,,,0,0,,1,,,,,,,,,,,,,,,,
40,Hamza Barry,gm GAM,MF,Vejle BK,29,1994,22,16,1423,15.8,1,5,6,1,0,0,4,0,0.06,0.32,0.38,0.06,0.38,Matches,10,2,20.0,0.63,0.13,0.10,0.50,,65,49.4,78,7,6,30,3,0.73,16,37,-21,-1.33,-0.96,0,26,21,1,46,14,10,,,0
91,Henrik Dalsgaard,dk DEN,DF,AGF,35,1989,26,21,1812,20.1,1,0,1,1,0,0,2,0,0.05,0.00,0.05,0.05,0.05,Matches,9,4,44.4,0.45,0.20,0.11,0.25,,70,62.9,82,15,5,17,1,1.27,34,28,+6,+0.30,+0.21,0,22,19,1,19,21,16,,,0
,Henrik Heggheim,,,,,,,,,,,,,,,,,,,,,,,,,,,,,,,,,,,0,0,,1,,,,,,,,,,,,,,,,
48,Hjalte Bidstrup,dk DEN,DF,Viborg,18,2006,7,2,237,2.6,0,0,0,0,0,0,1,0,0.00,0.00,0.00,0.00,0.00,Matches,0,0,,0.00,0.00,,,,,,,0,0,,1,,,,,,,0,6,1,0,3,1,8,,,0
,Hjalte Rasmussen,,,,,,,,,,,,,,,,,,,,,,,,,,,,,,,,,,,0,0,,5,,,,,,,,,,,,,,,,
19,Hugo Andersson,se SWE,DF,Randers,25,1999,5,1,108,1.2,0,0,0,0,0,0,0,0,0.00,0.00,0.00,0.00,0.00,Matches,0,0,,0.00,0.00,,,,22,3.8,90,1,4,5,12,1.60,2,1,+1,+0.83,+0.64,0,1,0,0,0,1,1,,,0
,Hunor Németh,,,,,,,,,,,,,,,,,,,,,,,,,,,,,,,,,,,0,0,,3,,,,,,,,,,,,,,,,
309,Ibrahim Said,ng NGA,FW,Viborg,22,2002,14,3,410,4.6,0,0,0,0,0,0,0,0,0.00,0.00,0.00,0.00,0.00,Matches,11,2,18.2,2.41,0.44,0.00,0.00,,29,14.2,70,0,11,18,6,1.14,4,9,-5,-1.10,-1.53,0,4,4,2,16,3,5,,,0
350,Igor Vekič,si SVN,GK,Vejle BK,26,1998,31,31,2790,31.0,0,0,0,0,0,0,0,0,0.00,0.00,0.00,0.00,0.00,Matches,0,0,,0.00,0.00,,,,90,96.9,90,31,0,,1,0.90,35,61,-26,-0.84,+0.16,0,0,3,0,0,0,0,,,0
147,Isak Hansen-Aarøen,no NOR,"MF,FW",Aalborg,19,2004,14,9,767,8.5,0,0,0,0,0,1,1,0,0.00,0.00,0.00,0.00,0.00,Matches,9,1,11.1,1.06,0.12,0.00,0.00,,55,26.6,77,1,5,14,1,0.50,10,20,-10,-1.17,-0.19,0,10,5,0,24,7,4,,,0
177,Isak Jensen,dk DEN,FW,Viborg,20,2003,27,23,1953,21.7,9,2,11,7,2,2,1,0,0.41,0.09,0.51,0.32,0.41,Matches,54,20,37.0,2.49,0.92,0.13,0.35,,72,67.8,79,8,4,32,1,1.26,36,36,0,0.00,-0.68,0,13,32,5,112,5,8,,,0
,Issaka Seidu,,,,,,,,,,,,,,,,,,,,,,,,,,,,,,,,,,,0,0,,3,,,,,,,,,,,,,,,,
103,Ivan Djantou,cm CMR,FW,SønderjyskE,22,2002,30,6,851,9.5,4,0,4,4,0,0,4,0,0.42,0.00,0.42,0.42,0.42,Matches,17,8,47.1,1.80,0.85,0.24,0.50,,28,29.5,67,1,24,19,2,1.10,14,19,-5,-0.53,0.00,0,27,16,5,1,2,5,,,0
264,Ivan Nikolov,mk MKD,"MF,FW",SønderjyskE,22,2002,10,3,331,3.7,0,0,0,0,0,0,0,0,0.00,0.00,0.00,0.00,0.00,Matches,2,0,0.0,0.54,0.00,0.00,,,33,11.5,59,0,7,22,7,0.90,2,5,-3,-0.82,-0.32,0,5,2,1,1,1,6,,,0
258,Ivan Näsberg,no NOR,DF,Viborg,28,1996,14,13,1128,12.5,3,0,3,3,0,0,1,0,0.24,0.00,0.24,0.24,0.24,Matches,14,3,21.4,1.12,0.24,0.21,1.00,,81,39.2,86,10,1,4,6,1.43,15,19,-4,-0.32,-0.88,0,6,5,0,1,7,2,,,1
11,Jacob Ambæk,dk DEN,FW,Brøndby,16,2008,2,0,17,0.2,0,0,0,0,0,0,0,0,0.00,0.00,0.00,0.00,0.00,Matches,0,0,,0.00,0.00,,,,9,0.6,,0,2,9,10,0.00,0,1,-1,-5.29,-5.70,0,0,1,0,0,0,0,,,0
13,Jacob Andersen,dk DEN,MF,AGF,20,2004,16,3,418,4.6,0,1,1,0,0,0,3,0,0.00,0.22,0.22,0.00,0.22,Matches,2,1,50.0,0.43,0.22,0.00,0.00,,26,14.5,61,0,13,18,1,1.69,6,6,0,0.00,-0.26,0,12,12,2,14,3,3,,,0
289,Jacob Pryts,dk DEN,GK,Silkeborg,26,1998,1,0,45,0.5,0,0,0,0,0,0,0,0,0.00,0.00,0.00,0.00,0.00,Matches,0,0,,0.00,0.00,,,,45,1.6,,0,1,45,4,3.00,0,2,-2,-4.00,-4.54,0,0,1,0,0,0,0,,,0
298,Jacob Rasmussen,dk DEN,DF,Brøndby,27,1997,28,28,2520,28.0,0,1,1,0,0,0,4,0,0.00,0.04,0.04,0.00,0.04,Matches,16,3,18.8,0.57,0.11,0.00,0.00,,90,87.5,90,28,0,,0,1.54,52,42,+10,+0.36,-0.14,0,18,15,1,10,24,29,,,0
71,Jakob Busk,dk DEN,GK,SønderjyskE,30,1993,14,13,1222,13.6,0,0,0,0,0,0,1,0,0.00,0.00,0.00,0.00,0.00,Matches,0,0,,0.00,0.00,,,,87,42.4,90,13,1,52,3,1.07,20,30,-10,-0.74,-0.36,0,0,4,0,0,0,0,,,0
353,Jakob Vester,dk DEN,"MF,FW",Viborg,19,2004,26,11,1095,12.2,4,0,4,4,0,0,2,0,0.33,0.00,0.33,0.33,0.33,Matches,20,8,40.0,1.64,0.66,0.20,0.50,,42,38.0,68,2,15,23,2,1.46,24,20,+4,+0.33,+0.18,0,10,16,1,5,4,15,,,0
172,Jamie Jacobs,nl NED,MF,Viborg,26,1997,4,3,249,2.8,0,0,0,0,0,0,1,0,0.00,0.00,0.00,0.00,0.00,Matches,3,0,0.0,1.08,0.00,0.00,,,62,8.6,75,2,1,24,3,0.50,4,10,-6,-2.17,-2.61,0,3,2,1,1,4,7,,,0
208,Jan Kuchta,cz CZE,FW,Midtjylland,27,1997,9,7,538,6.0,1,1,2,1,0,0,0,0,0.17,0.17,0.33,0.17,0.33,Matches,8,4,50.0,1.34,0.67,0.13,0.25,,60,18.7,67,1,2,33,2,1.44,7,12,-5,-0.84,-1.87,0,1,1,6,3,1,2,,,0
,Janni Serra,,,,,,,,,,,,,,,,,,,,,,,,,,,,,,,,,,,0,0,,1,,,,,,,,,,,,,,,,
328,Jannich Storch,dk DEN,GK,Lyngby,31,1993,24,23,2013,22.4,0,1,1,0,0,0,2,0,0.00,0.04,0.04,0.00,0.04,Matches,0,0,,0.00,0.00,,,,84,69.9,87,22,1,5,8,0.79,17,31,-14,-0.63,-0.31,0,3,3,0,0,0,0,,,0
245,Jean-Manuel Mbom,de GER,DF,Viborg,24,2000,29,25,2283,25.4,1,2,3,1,0,0,1,0,0.04,0.08,0.12,0.04,0.12,Matches,14,2,14.3,0.55,0.08,0.07,0.50,,79,79.3,87,20,4,26,1,1.41,44,39,+5,+0.20,-0.10,0,14,17,0,39,23,26,,,0
107,Jelle Duin,nl NED,FW,Vejle BK,25,1999,2,0,28,0.3,0,0,0,0,0,0,0,0,0.00,0.00,0.00,0.00,0.00,Matches,0,0,,0.00,0.00,,,,14,1.0,,0,2,14,0,1.50,0,0,0,0.00,+0.85,0,0,1,0,1,0,0,,,0
,Jens Krogh,,,,,,,,,,,,,,,,,,,,,,,,,,,,,,,,,,,0,0,,1,,,,,,,,,,,,,,,,
239,Jens Martin Gammelby,dk DEN,DF,Silkeborg,29,1995,18,12,1042,11.6,2,2,4,2,0,0,2,0,0.17,0.17,0.35,0.17,0.35,Matches,16,7,43.8,1.38,0.60,0.13,0.29,,58,36.2,83,9,6,7,12,1.47,24,15,+9,+0.78,+0.48,0,11,2,2,21,5,6,,,0
14,Jeppe Andersen,dk DEN,"MF,FW",Silkeborg,31,1992,31,17,1736,19.3,3,1,4,3,0,0,4,0,0.16,0.05,0.21,0.16,0.21,Matches,25,8,32.0,1.30,0.41,0.12,0.38,,56,60.3,79,4,14,28,1,1.53,32,26,+6,+0.31,-0.40,0,20,20,3,11,8,9,,,0
135,Jeppe Grønning,dk DEN,MF,Viborg,33,1991,26,26,2058,22.9,3,0,3,1,2,3,10,0,0.13,0.00,0.13,0.04,0.04,Matches,18,4,22.2,0.79,0.17,0.06,0.25,,79,71.5,79,16,0,,2,1.42,37,37,0,0.00,-0.77,0,49,28,1,8,39,32,,,1
320,Jeppe Simonsen,ht HAI,"DF,MF",SønderjyskE,28,1995,4,4,295,3.3,0,0,0,0,0,0,1,0,0.00,0.00,0.00,0.00,0.00,Matches,1,0,0.0,0.31,0.00,0.00,,,74,10.2,74,1,0,,2,1.00,3,6,-3,-0.92,-0.43,0,2,1,0,3,5,5,,,0
346,Jeppe Tverskov,dk DEN,"MF,DF",Nordsjælland,31,1993,15,15,1336,14.8,1,4,5,1,0,0,4,0,0.07,0.27,0.34,0.07,0.34,Matches,7,2,28.6,0.47,0.13,0.14,0.50,,89,46.4,89,14,0,,0,1.53,26,22,+4,+0.27,+0.68,0,9,18,0,6,24,18,,,0
88,Jesper Cornelius,dk DEN,"FW,MF",Lyngby,23,2001,14,11,917,10.2,1,0,1,1,0,0,1,0,0.10,0.00,0.10,0.10,0.10,Matches,22,6,27.3,2.16,0.59,0.05,0.17,,66,31.8,73,1,3,37,0,1.21,12,11,+1,+0.10,+0.92,0,11,12,3,5,5,5,,,0
143,Jesper Hansen,dk DEN,GK,AGF,39,1985,28,28,2520,28.0,0,0,0,0,0,0,0,0,0.00,0.00,0.00,0.00,0.00,Matches,0,0,,0.00,0.00,,,,90,87.5,90,28,0,,4,1.43,48,34,+14,+0.50,+2.25,0,0,4,0,0,0,1,,,0
20,Joel Andersson,se SWE,"DF,MF",Midtjylland,27,1996,25,15,1512,16.8,1,3,4,1,0,0,2,0,0.06,0.18,0.24,0.06,0.24,Matches,4,2,50.0,0.24,0.12,0.25,0.50,,60,52.5,85,12,10,23,4,1.92,34,21,+13,+0.77,+0.18,0,8,8,1,81,13,18,,,0
,Johan Meyer,,,,,,,,,,,,,,,,,,,,,,,,,,,,,,,,,,,0,0,,1,,,,,,,,,,,,,,,,
51,John Björkengren,se SWE,MF,Randers,25,1998,31,31,2786,31.0,1,2,3,1,0,0,6,0,0.03,0.06,0.10,0.03,0.10,Matches,6,1,16.7,0.19,0.03,0.17,1.00,,90,96.7,90,30,0,,0,1.50,55,45,+10,+0.32,+3.20,0,30,39,0,12,36,51,,,0
170,John Iredale,au AUS,FW,Aalborg,24,1999,14,10,723,8.0,3,0,3,3,0,0,0,0,0.37,0.00,0.37,0.37,0.37,Matches,21,8,38.1,2.61,1.00,0.14,0.38,,52,25.1,64,1,4,21,2,0.79,12,16,-4,-0.50,+0.71,0,5,2,7,1,1,2,,,0
1,Jonas Abbew,dk DEN,DF,AGF,22,2002,17,10,865,9.6,0,0,0,0,0,0,0,1,0.00,0.00,0.00,0.00,0.00,Matches,1,0,0.0,0.10,0.00,0.00,,,51,30.0,73,1,7,19,11,1.41,12,17,-5,-0.52,-1.06,0,8,1,1,2,9,5,,,0
207,Jonas Krumrey,de GER,GK,Lyngby,20,2003,3,3,270,3.0,0,0,0,0,0,0,0,0,0.00,0.00,0.00,0.00,0.00,Matches,0,0,,0.00,0.00,,,,90,9.4,90,3,0,,2,1.00,2,3,-1,-0.33,+0.22,0,0,0,0,0,0,0,,,0
229,Jonas Lössl,dk DEN,GK,Midtjylland,35,1989,10,10,900,10.0,0,0,0,0,0,0,0,0,0.00,0.00,0.00,0.00,0.00,Matches,0,0,,0.00,0.00,,,,90,31.3,90,10,0,,22,2.00,24,12,+12,+1.20,+0.75,0,0,1,0,0,0,0,,,0
12,Jonathan Amon,us USA,"FW,MF",Lyngby,25,1999,23,16,1426,15.8,3,0,3,3,0,0,1,0,0.19,0.00,0.19,0.19,0.19,Matches,20,7,35.0,1.26,0.44,0.15,0.43,,62,49.5,76,4,7,31,4,0.65,8,21,-13,-0.82,-0.57,0,16,23,4,36,5,7,,,0
,Jonathan Hutters,,,,,,,,,,,,,,,,,,,,,,,,,,,,,,,,,,,0,0,,1,,,,,,,,,,,,,,,,
370,Jonathan Ægidius,dk DEN,GK,Lyngby,22,2002,6,6,535,5.9,0,0,0,0,0,0,0,0,0.00,0.00,0.00,0.00,0.00,Matches,0,0,,0.00,0.00,,,,89,18.6,89,5,0,,9,1.33,7,9,-2,-0.34,+0.24,0,0,1,0,0,0,0,,,0
217,Jordan Larsson,se SWE,"MF,FW",FC Copenhagen,27,1997,19,18,1290,14.3,8,2,10,8,0,0,4,0,0.56,0.14,0.70,0.56,0.70,Matches,31,14,45.2,2.16,0.98,0.26,0.57,,68,44.8,71,1,1,6,5,2.21,25,14,+11,+0.77,-0.14,0,12,16,1,20,9,8,,,0
348,Jordi Vanlerberghe,be BEL,DF,Brøndby,28,1996,22,16,1430,15.9,2,0,2,2,0,0,5,0,0.13,0.00,0.13,0.13,0.13,Matches,16,3,18.8,1.01,0.19,0.13,0.67,,65,49.7,83,12,6,18,3,1.73,28,17,+11,+0.69,+0.63,0,10,14,2,23,25,34,,,0
126,Jose Gallegos,us USA,"MF,FW",SønderjyskE,22,2001,15,4,452,5.0,1,0,1,1,0,0,1,0,0.20,0.00,0.20,0.20,0.20,Matches,5,1,20.0,1.00,0.20,0.20,1.00,,30,15.7,60,0,11,19,13,0.80,6,13,-7,-1.39,-1.02,0,4,6,0,8,3,10,,,0
294,Josip Radošević,hr CRO,MF,Brøndby,30,1994,15,11,862,9.6,0,0,0,0,0,0,1,0,0.00,0.00,0.00,0.00,0.00,Matches,3,0,0.0,0.31,0.00,0.00,,,57,29.9,74,4,4,13,2,1.73,18,12,+6,+0.63,+0.36,0,10,5,0,9,8,13,,,0
6,Jubril Adedeji,ng NGA,"FW,MF",Aalborg,24,2000,8,3,295,3.3,0,0,0,0,0,0,1,0,0.00,0.00,0.00,0.00,0.00,Matches,9,0,0.0,2.75,0.00,0.00,,,37,10.2,60,0,5,23,4,0.75,5,5,0,0.00,+1.15,0,6,12,1,2,2,1,,,0
213,Juho Lähteenmäki,fi FIN,DF,Nordsjælland,18,2006,15,13,1068,11.9,0,0,0,0,0,0,0,0,0.00,0.00,0.00,0.00,0.00,Matches,3,0,0.0,0.25,0.00,0.00,,,71,37.1,79,5,2,20,0,1.33,19,19,0,0.00,+0.15,0,7,10,0,12,7,18,,,0
261,Julius Nielsen,dk DEN,"DF,MF",Silkeborg,18,2006,20,5,639,7.1,0,0,0,0,0,0,0,0,0.00,0.00,0.00,0.00,0.00,Matches,4,2,50.0,0.56,0.28,0.00,0.00,,32,22.2,69,2,15,19,12,1.60,9,10,-1,-0.14,-0.78,0,10,0,3,15,5,14,,,0
187,Juninho,br BRA,DF,Midtjylland,28,1995,9,4,419,4.7,1,0,1,1,0,0,1,0,0.21,0.00,0.21,0.21,0.21,Matches,9,3,33.3,1.93,0.64,0.11,0.33,,47,14.5,78,2,5,22,4,1.78,8,7,+1,+0.21,-0.55,0,5,1,0,2,5,3,,,0
79,Justin Che,us USA,DF,Brøndby,20,2003,1,0,2,0.0,0,0,0,0,0,0,0,0,0.00,0.00,0.00,0.00,0.00,Matches,0,0,,0.00,0.00,,,,2,0.1,,0,1,2,6,3.00,0,0,0,0.00,-0.38,0,0,0,0,0,0,1,,,0
174,Justin Janssen,dk DEN,MF,Nordsjælland,18,2006,12,2,262,2.9,0,0,0,0,0,0,1,0,0.00,0.00,0.00,0.00,0.00,Matches,2,0,0.0,0.69,0.00,0.00,,,22,9.1,54,0,10,16,17,1.33,3,7,-4,-1.37,-1.41,0,8,3,0,1,4,7,,,0
227,Justin Lonwijk,sr SUR,MF,Viborg,24,1999,20,11,945,10.5,1,1,2,1,0,0,6,0,0.10,0.10,0.19,0.10,0.19,Matches,17,5,29.4,1.62,0.48,0.06,0.20,,47,32.8,70,1,9,20,3,1.45,19,19,0,0.00,-0.33,0,19,16,1,8,14,15,,,0
96,Kasper Davidsen,dk DEN,MF,Aalborg,19,2005,27,24,1770,19.7,0,1,1,0,0,0,6,0,0.00,0.05,0.05,0.00,0.05,Matches,13,4,30.8,0.66,0.20,0.00,0.00,,66,61.5,70,8,3,30,4,0.70,22,38,-16,-0.81,+0.56,0,37,32,0,2,24,40,,,0
254,Kasper Mølgaard Jørgensen,dk DEN,DF,Aalborg,24,1999,30,30,2667,29.6,4,2,6,3,1,1,4,0,0.13,0.07,0.20,0.10,0.17,Matches,50,12,24.0,1.69,0.40,0.06,0.25,,89,92.6,89,28,0,,0,0.70,30,61,-31,-1.05,-0.20,0,14,20,1,110,32,22,,,0
184,Kelvin John,tz TAN,FW,Aalborg,21,2003,23,5,739,8.2,1,1,2,1,0,0,1,0,0.12,0.12,0.24,0.12,0.24,Matches,6,4,66.7,0.73,0.49,0.17,0.25,,32,25.7,70,0,18,22,8,0.87,4,24,-20,-2.44,-1.89,0,8,7,4,10,2,6,,,0
101,Kevin Diks,id IDN,DF,FC Copenhagen,27,1996,24,19,1644,18.3,5,2,7,0,5,5,2,0,0.27,0.11,0.38,0.00,0.11,Matches,20,8,40.0,1.09,0.44,0.00,0.00,,69,57.1,81,14,5,22,0,1.92,31,20,+11,+0.60,-0.56,0,9,20,0,23,20,22,,,0
244,Kevin Mbabu,ch SUI,DF,Midtjylland,29,1995,23,22,1745,19.4,2,1,3,2,0,0,7,0,0.10,0.05,0.15,0.10,0.15,Matches,12,4,33.3,0.62,0.21,0.17,0.50,,76,60.6,79,11,1,7,0,1.96,35,27,+8,+0.41,-0.70,0,29,17,2,92,23,31,,,0
345,Kevin Tshiembe,dk DEN,DF,Brøndby,27,1997,4,2,154,1.7,0,0,0,0,0,0,1,0,0.00,0.00,0.00,0.00,0.00,Matches,1,0,0.0,0.58,0.00,0.00,,,39,5.3,68,1,2,10,10,1.50,5,4,+1,+0.58,+0.22,0,3,2,0,1,0,7,,,0
,Kevin Yakob,,,,,,,,,,,,,,,,,,,,,,,,,,,,,,,,,,,0,0,,1,,,,,,,,,,,,,,,,
144,Kian Hansen,dk DEN,DF,Nordsjælland,35,1989,16,15,1122,12.5,0,0,0,0,0,0,2,0,0.00,0.00,0.00,0.00,0.00,Matches,3,0,0.0,0.24,0.00,0.00,,,70,39.0,73,6,1,24,6,1.25,17,26,-9,-0.72,-1.03,0,6,5,0,4,10,7,,,0
119,Kolbeinn Finnsson,is ISL,"MF,DF",Lyngby,24,1999,5,5,450,5.0,0,0,0,0,0,0,0,0,0.00,0.00,0.00,0.00,0.00,Matches,5,1,20.0,1.00,0.20,0.00,0.00,,90,15.6,90,5,0,,0,0.40,3,8,-5,-1.00,-0.56,0,5,3,1,20,4,2,,,0
237,Kristall Máni Ingason,is ISL,"FW,MF",SønderjyskE,22,2002,20,16,1400,15.6,1,1,2,1,0,0,3,0,0.06,0.06,0.13,0.06,0.13,Matches,19,7,36.8,1.22,0.45,0.05,0.14,,70,48.6,78,5,4,38,0,1.05,18,35,-17,-1.09,-1.09,0,15,18,2,52,9,10,,,0
29,Kristian Arnstad,no NOR,MF,AGF,20,2003,24,18,1618,18.0,1,1,2,1,0,0,6,0,0.06,0.06,0.11,0.06,0.11,Matches,20,6,30.0,1.11,0.33,0.05,0.17,,67,56.2,79,6,6,33,0,0.88,22,30,-8,-0.44,-1.51,0,29,25,0,39,13,27,,,0
196,Kristian Kirkegaard,dk DEN,"MF,FW",Vejle BK,26,1997,29,19,1857,20.6,2,1,3,2,0,0,6,0,0.10,0.05,0.15,0.10,0.15,Matches,30,5,16.7,1.45,0.24,0.07,0.40,,64,64.5,83,10,10,28,0,0.86,29,37,-8,-0.39,+1.28,0,35,38,3,34,21,21,,,0
31,Kristoffer Askildsen,no NOR,MF,Midtjylland,23,2001,12,6,543,6.0,0,0,0,0,0,0,1,0,0.00,0.00,0.00,0.00,0.00,Matches,5,1,20.0,0.83,0.17,0.00,0.00,,45,18.9,72,1,6,18,4,1.50,11,10,+1,+0.17,-0.64,0,7,10,0,5,12,8,,,0
,Kristoffer Klaesson,,,,,,,,,,,,,,,,,,,,,,,,,,,,,,,,,,,0,0,,7,,,,,,,,,,,,,,,,
205,Lars Kramer,nl NED,DF,Aalborg,25,1999,29,28,2524,28.0,0,1,1,0,0,0,5,0,0.00,0.04,0.04,0.00,0.04,Matches,20,3,15.0,0.71,0.11,0.00,0.00,,87,87.6,88,27,1,48,2,0.83,34,62,-28,-1.00,+0.27,0,20,14,0,2,35,24,,,1
120,Lasse Flö,dk DEN,DF,Vejle BK,18,2005,11,10,708,7.9,0,0,0,0,0,0,1,0,0.00,0.00,0.00,0.00,0.00,Matches,1,0,0.0,0.13,0.00,0.00,,,64,24.6,69,2,1,23,1,1.36,10,13,-3,-0.38,+0.61,0,5,10,0,15,12,9,,,0
312,Lauge Sandgrav,dk DEN,"MF,FW",Lyngby,19,2004,32,26,2203,24.5,1,3,4,1,0,0,1,0,0.04,0.12,0.16,0.04,0.16,Matches,20,1,5.0,0.82,0.04,0.05,1.00,,69,76.5,78,10,6,30,0,0.84,16,35,-19,-0.78,-1.04,0,22,32,2,17,24,31,,,0
283,Laurits Pedersen,dk DEN,MF,Randers,18,2006,17,4,566,6.3,0,1,1,0,0,0,3,0,0.00,0.16,0.16,0.00,0.16,Matches,1,0,0.0,0.16,0.00,0.00,,,33,19.7,66,0,13,23,8,1.41,12,14,-2,-0.32,-0.67,0,11,1,0,2,7,13,,,0
141,Lee Hanbeom,kr KOR,DF,Midtjylland,22,2002,11,8,733,8.1,0,1,1,0,0,0,0,0,0.00,0.12,0.12,0.00,0.12,Matches,5,1,20.0,0.61,0.12,0.00,0.00,,67,25.5,88,7,3,10,19,2.82,21,8,+13,+1.60,+1.22,0,10,3,1,1,9,8,,,0
199,Leon Klassen,ru RUS,"DF,MF",Lyngby,24,2000,22,18,1667,18.5,1,3,4,1,0,0,7,1,0.05,0.16,0.22,0.05,0.22,Matches,11,4,36.4,0.59,0.22,0.09,0.25,,76,57.9,86,14,4,30,0,0.95,14,26,-12,-0.65,-0.28,1,15,22,0,121,32,19,,,0
357,Leopold Wahlstedt,se SWE,GK,AGF,25,1999,4,4,360,4.0,0,0,0,0,0,0,0,0,0.00,0.00,0.00,0.00,0.00,Matches,0,0,,0.00,0.00,,,,90,12.5,90,4,0,,20,0.00,5,12,-7,-1.75,-2.25,0,0,0,0,0,0,0,,,0
259,Levy Nene,gh GHA,FW,Nordsjælland,18,2006,19,6,589,6.5,3,1,4,3,0,0,1,0,0.46,0.15,0.61,0.46,0.61,Matches,24,14,58.3,3.67,2.14,0.13,0.21,,31,20.5,65,1,13,15,6,1.53,10,14,-4,-0.61,-0.65,0,13,13,5,2,3,3,,,0
292,Lirim Qamili,mk MKD,"FW,MF",SønderjyskE,26,1998,26,23,2059,22.9,11,5,16,9,2,3,3,0,0.48,0.22,0.70,0.39,0.61,Matches,55,26,47.3,2.40,1.14,0.16,0.35,,79,71.5,86,13,3,29,0,1.15,36,48,-12,-0.52,+0.02,0,36,32,10,29,11,22,,,0
157,Lucas Hey,dk DEN,DF,Nordsjælland,21,2003,17,16,1438,16.0,1,2,3,1,0,0,3,0,0.06,0.13,0.19,0.06,0.19,Matches,4,2,50.0,0.25,0.13,0.25,0.50,,85,49.9,89,15,1,16,0,1.53,29,26,+3,+0.19,+0.56,0,12,23,0,2,17,11,,,0
165,Lucas Høgsberg,dk DEN,DF,Nordsjælland,18,2006,28,23,2154,23.9,0,1,1,0,0,0,5,0,0.00,0.04,0.04,0.00,0.04,Matches,3,0,0.0,0.13,0.00,0.00,,,77,74.8,90,23,5,17,3,1.36,39,42,-3,-0.13,-0.13,0,17,25,0,14,24,24,,,1
226,Lucas Lissens,be BEL,DF,Lyngby,23,2001,28,27,2436,27.1,1,1,2,1,0,0,4,0,0.04,0.04,0.07,0.04,0.07,Matches,23,5,21.7,0.85,0.18,0.04,0.20,,87,84.6,89,26,1,45,0,0.93,23,37,-14,-0.52,+0.09,0,23,20,1,11,50,36,,,0
230,Lucas Lund Pedersen,dk DEN,GK,Viborg,24,2000,18,18,1620,18.0,0,0,0,0,0,0,0,0,0.00,0.00,0.00,0.00,0.00,Matches,0,0,,0.00,0.00,,,,90,56.3,90,18,0,,14,1.33,34,34,0,0.00,-0.50,0,0,2,0,0,0,0,,,0
,Ludwig Vraa-Jensen,,,,,,,,,,,,,,,,,,,,,,,,,,,,,,,,,,,0,0,,7,,,,,,,,,,,,,,,,
74,Luka Callo,dk DEN,DF,AGF,18,2006,4,0,8,0.1,0,0,0,0,0,0,0,0,0.00,0.00,0.00,0.00,0.00,Matches,0,0,,0.00,0.00,,,,2,0.3,,0,4,2,7,3.00,0,0,0,0.00,-0.22,0,0,0,0,0,1,1,,,0
162,Luka Hujber,hr CRO,"DF,MF",Vejle BK,25,1999,19,9,936,10.4,0,1,1,0,0,0,2,0,0.00,0.10,0.10,0.00,0.10,Matches,3,0,0.0,0.29,0.00,0.00,,,49,32.5,76,4,10,26,8,0.74,12,23,-11,-1.06,-0.32,0,18,5,0,15,15,28,,,0
52,Lukas Björklund,se SWE,MF,SønderjyskE,20,2004,31,25,1797,20.0,2,2,4,2,0,0,6,0,0.10,0.10,0.20,0.10,0.20,Matches,14,8,57.1,0.70,0.40,0.14,0.25,,58,62.4,66,1,6,26,0,1.10,30,44,-14,-0.70,-0.45,0,46,20,2,18,15,8,,,0
197,Lukas Kirkegaard,dk DEN,DF,Viborg,19,2005,2,0,10,0.1,0,0,0,0,0,0,0,0,0.00,0.00,0.00,0.00,0.00,Matches,0,0,,0.00,0.00,,,,5,0.3,,0,2,5,14,3.00,1,0,+1,+9.00,+8.81,0,0,0,0,0,0,0,,,0
,Lukas Larsen,,,,,,,,,,,,,,,,,,,,,,,,,,,,,,,,,,,0,0,,8,,,,,,,,,,,,,,,,
222,Lukas Lerager,dk DEN,MF,FC Copenhagen,31,1993,24,16,1565,17.4,1,0,1,1,0,0,3,0,0.06,0.00,0.06,0.06,0.06,Matches,17,6,35.3,0.98,0.35,0.06,0.17,,65,54.3,85,12,8,27,4,2.25,33,16,+17,+0.98,+0.29,0,35,15,4,8,16,37,,,0
156,Lundrim Hetemi,dk DEN,MF,Vejle BK,24,2000,32,30,2464,27.4,0,1,1,0,0,0,4,0,0.00,0.04,0.04,0.00,0.04,Matches,26,4,15.4,0.95,0.15,0.00,0.00,,77,85.6,81,19,2,20,0,0.88,33,53,-20,-0.73,+0.78,0,28,40,0,6,27,37,,,0
7,Mads Agger,dk DEN,"FW,MF",SønderjyskE,24,1999,26,20,1589,17.7,8,3,11,8,0,0,3,0,0.45,0.17,0.62,0.45,0.62,Matches,38,20,52.6,2.15,1.13,0.21,0.40,,61,55.2,69,3,6,35,1,1.12,28,35,-7,-0.40,+0.30,0,9,7,5,74,9,20,,,0
42,Mads Bech Sørensen,dk DEN,DF,Midtjylland,25,1999,31,30,2730,30.3,1,2,3,1,0,0,1,0,0.03,0.07,0.10,0.03,0.10,Matches,11,2,18.2,0.36,0.07,0.09,0.50,,88,94.8,90,30,1,30,1,1.97,62,40,+22,+0.73,+0.73,0,19,31,1,16,28,20,,,0
56,Mads Bomholt,dk DEN,MF,Aalborg,18,2005,29,15,1457,16.2,3,0,3,3,0,0,2,0,0.19,0.00,0.19,0.19,0.19,Matches,22,9,40.9,1.36,0.56,0.14,0.33,,50,50.6,76,3,14,23,2,0.72,20,31,-11,-0.68,+0.71,0,26,17,0,10,15,23,,,0
113,Mads Emil Madsen,dk DEN,MF,AGF,26,1998,31,30,2635,29.3,5,3,8,5,0,0,5,1,0.17,0.10,0.27,0.17,0.27,Matches,49,19,38.8,1.67,0.65,0.10,0.26,,85,91.5,87,22,1,29,0,1.19,45,44,+1,+0.03,-2.17,1,23,36,1,36,30,48,,,0
117,Mads Enggård,dk DEN,MF,Randers,20,2004,4,4,336,3.7,1,0,1,1,0,0,0,0,0.27,0.00,0.27,0.27,0.27,Matches,1,1,100.0,0.27,0.27,1.00,1.00,,84,11.7,84,2,0,,0,1.75,7,6,+1,+0.27,+0.06,0,5,4,0,33,1,6,,,0
123,Mads Freundlich,dk DEN,MF,Silkeborg,21,2003,27,20,1646,18.3,1,1,2,1,0,0,3,0,0.05,0.05,0.11,0.05,0.11,Matches,5,2,40.0,0.27,0.11,0.20,0.50,,61,57.2,75,5,7,22,1,1.54,28,24,+4,+0.22,-0.58,0,22,31,0,9,25,15,,,0
145,Mads Hansen,dk DEN,FW,Nordsjælland,22,2002,10,1,207,2.3,1,0,1,1,0,0,0,0,0.43,0.00,0.43,0.43,0.43,Matches,4,2,50.0,1.74,0.87,0.25,0.50,,21,7.2,45,0,9,18,7,1.70,2,6,-4,-1.74,-1.77,0,3,1,3,7,0,3,,,0
215,Mads Larsen,dk DEN,MF,Silkeborg,22,2001,32,30,2377,26.4,1,3,4,1,0,0,0,0,0.04,0.11,0.15,0.04,0.15,Matches,18,3,16.7,0.68,0.11,0.06,0.33,,74,82.5,76,13,2,50,0,1.58,45,37,+8,+0.30,-0.95,0,13,29,0,13,39,17,,,0
332,Mads Søndergaard,dk DEN,MF,Viborg,21,2002,14,3,476,5.3,0,3,3,0,0,0,5,0,0.00,0.57,0.57,0.00,0.57,Matches,4,0,0.0,0.76,0.00,0.00,,,34,16.5,87,1,11,19,5,1.50,12,6,+6,+1.13,+1.10,0,19,5,0,13,4,8,,,0
178,Magnus Jensen,dk DEN,DF,Lyngby,27,1996,28,24,2219,24.7,1,3,4,1,0,0,5,0,0.04,0.12,0.16,0.04,0.16,Matches,17,5,29.4,0.69,0.20,0.06,0.20,,79,77.0,88,23,4,27,0,0.86,21,31,-10,-0.41,+0.55,0,17,16,2,11,26,20,,,0
242,Magnus Mattsson,dk DEN,"MF,FW",FC Copenhagen,25,1999,31,16,1290,14.3,3,1,4,2,1,1,2,0,0.21,0.07,0.28,0.14,0.21,Matches,39,16,41.0,2.72,1.12,0.05,0.13,,42,44.8,64,1,15,18,0,2.03,29,18,+11,+0.77,-0.14,0,21,19,1,58,7,19,,,0
358,Magnus Warming,dk DEN,FW,Lyngby,24,2000,11,4,449,5.0,0,0,0,0,0,0,1,0,0.00,0.00,0.00,0.00,0.00,Matches,10,4,40.0,2.00,0.80,0.00,0.00,,41,15.6,66,1,7,26,4,0.64,8,7,+1,+0.20,+0.87,0,12,9,1,9,2,2,,,0
360,Magnus Westergaard,dk DEN,MF,Viborg,26,1998,15,15,1213,13.5,2,3,5,2,0,0,6,1,0.15,0.22,0.37,0.15,0.37,Matches,21,5,23.8,1.56,0.37,0.10,0.40,,81,42.1,81,6,0,,0,1.20,21,19,+2,+0.15,-0.12,1,23,26,2,7,18,18,,,0
2,Malik Abubakari,gh GHA,FW,Lyngby,24,2000,17,7,665,7.4,0,0,0,0,0,1,5,0,0.00,0.00,0.00,0.00,0.00,Matches,23,3,13.0,3.11,0.41,0.00,0.00,,39,23.1,74,4,10,15,4,0.71,7,9,-2,-0.27,+0.34,0,17,5,1,4,1,1,,,0
158,Malthe Hojholt,dk DEN,MF,Aalborg,23,2001,3,3,245,2.7,1,0,1,1,0,0,0,0,0.37,0.00,0.37,0.37,0.37,Matches,1,1,100.0,0.37,0.37,1.00,1.00,,82,8.5,82,2,0,,0,1.00,2,5,-3,-1.10,-0.08,0,2,0,0,2,6,5,,,0
90,Marc Dal Hende,dk DEN,DF,SønderjyskE,33,1990,17,12,1164,12.9,1,2,3,1,0,0,3,0,0.08,0.15,0.23,0.08,0.23,Matches,6,1,16.7,0.46,0.08,0.17,1.00,,68,40.4,90,11,5,17,11,1.59,24,20,+4,+0.31,+1.41,0,8,7,0,14,17,16,,,0
262,Marc Nielsen,dk DEN,DF,Aalborg,23,2001,12,1,286,3.2,0,0,0,0,0,0,2,0,0.00,0.00,0.00,0.00,0.00,Matches,0,0,,0.00,0.00,,,,24,9.9,90,1,11,18,14,1.00,2,10,-8,-2.52,-1.65,0,3,6,0,9,3,3,,,0
308,Marcel Rømer,dk DEN,MF,Lyngby,32,1991,11,3,329,3.7,0,0,0,0,0,0,3,0,0.00,0.00,0.00,0.00,0.00,Matches,1,0,0.0,0.27,0.00,0.00,,,30,11.4,73,1,8,14,10,0.73,2,5,-3,-0.82,-0.33,0,10,10,0,5,4,3,,,0
228,Marcos López,pe PER,DF,FC Copenhagen,24,1999,17,15,1276,14.2,1,3,4,1,0,0,2,1,0.07,0.21,0.28,0.07,0.28,Matches,12,3,25.0,0.85,0.21,0.08,0.33,,75,44.3,80,9,2,40,4,2.18,31,13,+18,+1.27,+0.76,0,13,25,0,63,20,20,,,0
57,Marcus Bonde,dk DEN,MF,Aalborg,17,2007,2,0,93,1.0,0,0,0,0,0,0,0,0,0.00,0.00,0.00,0.00,0.00,Matches,0,0,,0.00,0.00,,,,47,3.2,,0,2,47,0,0.00,3,4,-1,-0.97,+0.07,0,2,0,0,0,0,3,,,0
68,Marcus Bundgaard Sørensen,dk DEN,GK,SønderjyskE,22,2001,14,14,1260,14.0,0,0,0,0,0,0,0,0,0.00,0.00,0.00,0.00,0.00,Matches,0,0,,0.00,0.00,,,,90,43.8,90,14,0,,0,1.29,23,25,-2,-0.14,+0.69,0,0,2,0,0,1,0,,,0
169,Marcus Ingvartsen,dk DEN,FW,Nordsjælland,28,1996,17,17,1376,15.3,5,1,6,4,1,3,3,0,0.33,0.07,0.39,0.26,0.33,Matches,40,16,40.0,2.62,1.05,0.10,0.25,,81,47.8,81,10,0,,0,1.53,29,26,+3,+0.20,+0.56,0,27,10,4,6,6,2,,,1
105,Mario Dorgeless,ci CIV,"MF,FW",Nordsjælland,19,2004,30,28,2225,24.7,2,4,6,2,0,0,3,0,0.08,0.16,0.24,0.08,0.24,Matches,42,12,28.6,1.70,0.49,0.05,0.17,,74,77.3,77,8,2,32,1,1.43,43,41,+2,+0.08,+0.77,0,23,28,2,26,23,33,,,0
202,Marius Kolind,dk DEN,"MF,DF",Vejle BK,22,2002,21,8,1003,11.1,0,1,1,0,0,0,2,0,0.00,0.09,0.09,0.00,0.09,Matches,11,4,36.4,0.99,0.36,0.00,0.00,,48,34.8,85,6,13,25,6,0.71,10,23,-13,-1.17,-0.50,0,18,14,0,18,11,9,,,0
60,Mark Brink,dk DEN,MF,Nordsjælland,26,1998,24,24,2024,22.5,0,1,1,0,0,0,2,0,0.00,0.04,0.04,0.00,0.04,Matches,14,2,14.3,0.62,0.09,0.00,0.00,,84,70.3,84,12,0,,0,1.46,36,36,0,0.00,+0.32,0,16,9,0,9,18,25,,,0
61,Mark Brink,dk DEN,MF,Silkeborg,26,1998,5,5,449,5.0,0,1,1,0,0,0,0,1,0.00,0.20,0.20,0.00,0.20,Matches,14,2,14.3,0.62,0.09,0.00,0.00,,84,70.3,84,12,0,,0,1.46,36,36,0,0.00,+0.32,0,16,9,0,9,18,25,,,0
102,Marko Divkovic,hr CRO,"MF,DF",Brøndby,25,1999,27,13,1480,16.4,1,3,4,1,0,0,2,0,0.06,0.18,0.24,0.06,0.24,Matches,23,7,30.4,1.40,0.43,0.04,0.14,,55,51.4,85,9,14,27,0,1.41,27,26,+1,+0.06,-0.65,0,15,16,1,84,23,26,,,0
15,Markus Andersen Walker,dk DEN,DF,Nordsjælland,17,2006,2,0,29,0.3,0,0,0,0,0,0,0,0,0.00,0.00,0.00,0.00,0.00,Matches,0,0,,0.00,0.00,,,,15,1.0,,0,2,15,4,1.50,0,1,-1,-3.10,-3.04,0,0,0,0,0,0,1,,,0
,Marrony,,,,,,,,,,,,,,,,,,,,,,,,,,,,,,,,,,,0,0,,3,,,,,,,,,,,,,,,,
253,Masaki Murata,jp JPN,MF,Vejle BK,24,1999,6,0,137,1.5,0,0,0,0,0,0,1,0,0.00,0.00,0.00,0.00,0.00,Matches,1,1,100.0,0.66,0.66,0.00,0.00,,23,4.8,,0,6,23,9,0.00,1,2,-1,-0.66,+0.20,0,2,1,0,1,3,2,,,0
,Mathias Dahl Sauer,,,,,,,,,,,,,,,,,,,,,,,,,,,,,,,,,,,0,0,,2,,,,,,,,,,,,,,,,
133,Mathias Greve,dk DEN,MF,Brøndby,29,1995,4,1,126,1.4,1,0,1,1,0,0,0,0,0.71,0.00,0.71,0.71,0.71,Matches,3,1,33.3,2.14,0.71,0.33,1.00,,32,4.4,62,0,3,21,2,2.25,1,0,+1,+0.71,+0.35,0,1,0,0,1,1,1,,,0
134,Mathias Greve,dk DEN,MF,Randers,29,1995,24,24,2013,22.4,5,5,10,5,0,0,0,0,0.22,0.22,0.45,0.22,0.45,Matches,3,1,33.3,2.14,0.71,0.33,1.00,,32,4.4,62,0,3,21,2,2.25,1,0,+1,+0.71,+0.35,0,1,0,0,1,1,1,,,0
153,Mathias Hebo,dk DEN,MF,Lyngby,28,1995,21,12,1087,12.1,0,0,0,0,0,0,5,0,0.00,0.00,0.00,0.00,0.00,Matches,12,2,16.7,0.99,0.17,0.00,0.00,,52,37.7,77,7,9,18,1,0.86,11,14,-3,-0.25,+0.45,0,8,14,0,3,8,4,,,0
,Mathias Jensen,,,,,,,,,,,,,,,,,,,,,,,,,,,,,,,,,,,0,0,,12,,,,,,,,,,,,,,,,
190,Mathias Jørgensen,dk DEN,"FW,MF",Aalborg,23,2000,32,32,2880,32.0,10,5,15,9,1,2,0,0,0.31,0.16,0.47,0.28,0.44,Matches,79,28,35.4,2.47,0.87,0.11,0.32,,90,100.0,90,32,0,,0,0.75,34,67,-33,-1.03,,0,10,10,11,72,6,8,,,0
193,Mathias Kaarsbo,dk DEN,MF,Lyngby,18,2006,1,0,10,0.1,0,0,0,0,0,0,1,0,0.00,0.00,0.00,0.00,0.00,Matches,0,0,,0.00,0.00,,,,10,0.3,,0,1,10,0,3.00,0,0,0,0.00,+0.53,0,1,0,0,0,0,0,,,0
211,Mathias Kvistgaarden,dk DEN,"FW,MF",Brøndby,22,2002,29,26,2009,22.3,17,5,22,17,0,0,4,0,0.76,0.22,0.99,0.76,0.99,Matches,80,39,48.8,3.58,1.75,0.21,0.44,,69,69.8,74,9,3,27,0,1.59,44,31,+13,+0.58,+0.69,0,40,47,17,17,4,8,,,0
159,Matthew Hoppe,us USA,FW,SønderjyskE,23,2001,4,0,90,1.0,0,0,0,0,0,0,1,0,0.00,0.00,0.00,0.00,0.00,Matches,5,2,40.0,5.00,2.00,0.00,0.00,,23,3.1,,0,4,23,0,0.75,2,3,-1,-1.00,-0.48,0,2,1,0,1,0,1,,,0
270,Matti Olsen,dk DEN,DF,SønderjyskE,29,1995,7,4,370,4.1,0,0,0,0,0,0,0,0,0.00,0.00,0.00,0.00,0.00,Matches,2,0,0.0,0.49,0.00,0.00,,,53,12.8,82,2,3,15,8,0.71,7,11,-4,-0.97,-0.51,0,1,2,0,2,4,4,,,0
288,Max Power,eng ENG,"DF,MF",AGF,31,1993,14,0,240,2.7,0,0,0,0,0,0,1,0,0.00,0.00,0.00,0.00,0.00,Matches,4,0,0.0,1.50,0.00,0.00,,,17,8.3,,0,14,17,5,1.21,5,3,+2,+0.75,+0.58,0,2,2,0,23,0,6,,,0
324,Maxime Soulas,fr FRA,DF,SønderjyskE,25,1999,31,31,2745,30.5,2,2,4,2,0,0,6,0,0.07,0.07,0.13,0.07,0.13,Matches,19,3,15.8,0.62,0.10,0.11,0.67,,89,95.3,89,30,0,,0,1.10,45,63,-18,-0.59,-1.26,0,24,10,0,2,30,33,,,0
361,Melker Widell,se SWE,MF,Aalborg,22,2002,27,25,2219,24.7,3,3,6,3,0,0,6,1,0.12,0.12,0.24,0.12,0.24,Matches,51,11,21.6,2.07,0.45,0.06,0.27,,82,77.0,86,16,2,40,0,0.78,27,48,-21,-0.85,+0.78,1,27,58,2,167,16,31,,,0
9,Michael Akoto,de GER,DF,AGF,27,1997,8,3,276,3.1,0,0,0,0,0,0,0,0,0.00,0.00,0.00,0.00,0.00,Matches,1,1,100.0,0.33,0.33,0.00,0.00,,35,9.6,64,0,5,17,4,1.50,10,6,+4,+1.30,+1.20,0,1,5,0,1,7,5,,,0
275,Michael Opoku,dk DEN,"MF,FW",Lyngby,19,2005,21,10,983,10.9,4,0,4,4,0,1,2,0,0.37,0.00,0.37,0.37,0.37,Matches,34,12,35.3,3.11,1.10,0.12,0.33,,47,34.1,70,2,11,26,9,0.52,10,18,-8,-0.73,-0.31,0,14,12,6,26,2,4,,,0
10,Miiko Albornoz,cl CHI,"MF,DF",Vejle BK,33,1990,6,3,228,2.5,0,0,0,0,0,0,0,0,0.00,0.00,0.00,0.00,0.00,Matches,1,0,0.0,0.39,0.00,0.00,,,38,7.9,65,0,3,11,14,0.33,4,7,-3,-1.18,-0.37,0,2,1,0,25,2,1,,,0
16,Mikael Anderson,is ISL,"MF,FW",AGF,26,1998,30,28,2514,27.9,6,6,12,6,0,0,5,0,0.21,0.21,0.43,0.21,0.43,Matches,73,29,39.7,2.61,1.04,0.08,0.21,,84,87.3,88,22,2,20,0,1.23,48,40,+8,+0.29,+0.53,0,33,61,7,105,11,19,,,0
340,Mike Themsen,dk DEN,"MF,FW",Randers,18,2006,18,3,420,4.7,1,0,1,1,0,0,0,0,0.21,0.00,0.21,0.21,0.21,Matches,5,2,40.0,1.07,0.43,0.20,0.50,,23,14.6,65,0,15,15,9,1.26,5,7,-2,-0.43,-0.76,0,4,6,1,15,2,2,,,0
185,Mikel Johnsen,dk DEN,"MF,FW",Midtjylland,17,2006,20,11,885,9.8,3,3,6,3,0,0,1,0,0.31,0.31,0.61,0.31,0.61,Matches,15,7,46.7,1.53,0.71,0.20,0.43,,44,30.7,59,0,9,26,2,1.75,19,9,+10,+1.02,+0.48,0,3,27,0,37,3,6,,,0
206,Mikel Krüger-Johnsen,,FW,Midtjylland,,,1,0,31,0.3,0,0,0,0,0,0,0,0,0.00,0.00,0.00,0.00,0.00,Matches,1,1,100.0,2.90,2.90,0.00,0.00,,31,1.1,,0,1,31,2,3.00,2,1,+1,+2.90,+2.24,0,0,0,0,3,0,0,,,0
106,Mikkel Duelund,dk DEN,"FW,MF",AGF,27,1997,7,0,58,0.6,0,0,0,0,0,0,0,0,0.00,0.00,0.00,0.00,0.00,Matches,5,2,40.0,7.76,3.10,0.00,0.00,,8,2.0,,0,7,8,11,0.43,1,4,-3,-4.66,-4.97,0,1,2,1,3,0,0,,,0
212,Mikkel Ladefoged,dk DEN,FW,SønderjyskE,21,2003,2,0,24,0.3,0,0,0,0,0,0,0,0,0.00,0.00,0.00,0.00,0.00,Matches,1,0,0.0,3.75,0.00,0.00,,,12,0.8,,0,2,12,0,0.00,0,0,0,0.00,+0.54,0,0,0,0,0,0,1,,,0
233,Mikkel Løndal,dk DEN,DF,Viborg,18,2006,2,0,30,0.3,0,0,0,0,0,0,0,0,0.00,0.00,0.00,0.00,0.00,Matches,0,0,,0.00,0.00,,,,15,1.0,,0,2,15,1,3.00,1,0,+1,+3.00,+2.81,0,1,0,0,1,0,0,,,0
,Mikkel Pedersen,,,,,,,,,,,,,,,,,,,,,,,,,,,,,,,,,,,0,0,,5,,,,,,,,,,,,,,,,
,Mikkel Øxenberg,,,,,,,,,,,,,,,,,,,,,,,,,,,,,,,,,,,0,0,,6,,,,,,,,,,,,,,,,
168,Milan Iloski,us USA,"FW,MF",Nordsjælland,25,1999,16,0,314,3.5,2,0,2,2,0,0,0,0,0.57,0.00,0.57,0.57,0.57,Matches,18,8,44.4,5.16,2.29,0.11,0.25,,20,10.9,,0,16,20,6,1.50,7,8,-1,-0.29,-0.22,0,11,10,3,6,0,1,,,0
296,Mileta Rajovic,dk DEN,FW,Brøndby,25,1999,24,10,1221,13.6,5,2,7,4,1,1,1,0,0.37,0.15,0.52,0.29,0.44,Matches,41,15,36.6,3.02,1.11,0.10,0.27,,51,42.4,88,8,14,24,1,1.63,23,19,+4,+0.29,-0.14,0,7,3,3,3,1,3,,,0
80,Mohamed Cherif Haidara,gn GUI,MF,SønderjyskE,18,2006,17,4,550,6.1,1,0,1,1,0,0,2,0,0.16,0.00,0.16,0.16,0.16,Matches,6,3,50.0,0.98,0.49,0.17,0.33,,32,19.1,75,2,13,19,11,1.24,8,16,-8,-1.31,-0.96,0,19,9,0,0,6,14,,,0
111,Mohamed Elyounoussi,no NOR,"MF,FW",FC Copenhagen,29,1994,27,21,2002,22.2,8,7,15,8,0,1,0,0,0.36,0.31,0.67,0.36,0.67,Matches,84,29,34.5,3.78,1.30,0.10,0.28,,74,69.5,87,15,6,30,0,1.89,43,21,+22,+0.99,+0.48,0,21,32,6,99,16,14,,,0
342,Mohamed Toure,au AUS,FW,Randers,20,2004,27,14,1335,14.8,7,3,10,6,1,1,2,0,0.47,0.20,0.67,0.40,0.61,Matches,35,18,51.4,2.36,1.21,0.17,0.33,,49,46.4,73,2,13,24,0,1.46,30,22,+8,+0.54,+0.60,0,17,21,12,5,1,3,,,0
129,Munashe Garan'anga,zw ZIM,DF,FC Copenhagen,23,2001,11,7,636,7.1,0,0,0,0,0,0,0,0,0.00,0.00,0.00,0.00,0.00,Matches,6,1,16.7,0.85,0.14,0.00,0.00,,58,22.1,80,5,4,19,14,1.91,13,7,+6,+0.85,+0.01,0,5,3,0,0,15,7,,,0
189,Musa Juwara,gm GAM,"MF,FW",Vejle BK,22,2001,29,11,1297,14.4,4,3,7,4,0,0,4,0,0.28,0.21,0.49,0.28,0.49,Matches,43,16,37.2,2.98,1.11,0.09,0.25,,45,45.0,81,5,18,22,2,0.83,17,35,-18,-1.25,-0.74,0,15,16,4,110,15,25,,,0
343,Musa Toure,au AUS,FW,Randers,18,2005,3,1,117,1.3,0,0,0,0,0,0,0,0,0.00,0.00,0.00,0.00,0.00,Matches,1,0,0.0,0.77,0.00,0.00,,,39,4.1,62,0,2,28,2,1.33,2,2,0,0.00,-0.23,0,2,2,1,0,0,1,,,0
,Mustapha Isah,,,,,,,,,,,,,,,,,,,,,,,,,,,,,,,,,,,0,0,,1,,,,,,,,,,,,,,,,
182,Mylian Jimenez,nl NED,"MF,DF",Aalborg,21,2003,27,13,1304,14.5,0,1,1,0,0,0,7,0,0.00,0.07,0.07,0.00,0.07,Matches,11,2,18.2,0.76,0.14,0.00,0.00,,48,45.3,70,2,14,28,1,0.70,12,37,-25,-1.73,-1.27,0,20,12,0,66,16,22,,,0
344,Nathan Trott,eng ENG,GK,FC Copenhagen,25,1998,17,17,1530,17.0,0,0,0,0,0,0,0,0,0.00,0.00,0.00,0.00,0.00,Matches,0,0,,0.00,0.00,,,,90,53.1,90,17,0,,15,1.88,34,22,+12,+0.71,-0.29,0,0,1,0,0,0,0,,,0
155,Nicklas Helenius,dk DEN,FW,Aalborg,33,1991,16,4,569,6.3,3,3,6,3,0,0,0,0,0.47,0.47,0.95,0.47,0.95,Matches,11,3,27.3,1.74,0.47,0.27,1.00,,36,19.8,67,0,12,25,1,0.75,10,10,0,0.00,+1.29,0,5,7,2,1,2,2,,,0
,Nicklas Pedersen,,,,,,,,,,,,,,,,,,,,,,,,,,,,,,,,,,,0,0,,1,,,,,,,,,,,,,,,,
121,Nicolai Flø,dk DEN,GK,SønderjyskE,28,1995,5,5,398,4.4,0,0,0,0,0,0,0,0,0.00,0.00,0.00,0.00,0.00,Matches,0,0,,0.00,0.00,,,,80,13.8,80,4,0,,20,0.80,4,9,-5,-1.13,-0.70,0,0,1,0,0,0,0,,,0
216,Nicolai Larsen,dk DEN,GK,Silkeborg,33,1991,31,31,2745,30.5,0,0,0,0,0,0,1,0,0.00,0.00,0.00,0.00,0.00,Matches,0,0,,0.00,0.00,,,,89,95.3,89,30,0,,1,1.63,55,37,+18,+0.59,+2.59,0,0,7,0,0,0,0,,,0
287,Nicolai Poulsen,dk DEN,MF,AGF,30,1993,28,24,1984,22.0,1,2,3,1,0,0,6,0,0.05,0.09,0.14,0.05,0.14,Matches,11,5,45.5,0.50,0.23,0.09,0.20,,71,68.9,77,10,4,36,0,1.29,36,29,+7,+0.32,+0.32,0,37,24,0,9,28,26,,,0
347,Nicolai Vallys,dk DEN,"MF,FW",Brøndby,27,1996,25,18,1792,19.9,5,2,7,5,0,0,2,0,0.25,0.10,0.35,0.25,0.35,Matches,37,16,43.2,1.86,0.80,0.14,0.31,,72,62.2,88,11,7,31,0,1.52,34,28,+6,+0.30,-0.19,0,16,10,6,13,10,15,,,0
69,Nicolas Bürgy,ch SUI,DF,Viborg,28,1995,13,11,1036,11.5,1,0,1,1,0,0,3,0,0.09,0.00,0.09,0.09,0.09,Matches,11,4,36.4,0.96,0.35,0.09,0.25,,80,36.0,90,11,2,23,4,1.46,23,16,+7,+0.61,+0.61,0,5,2,0,3,21,5,,,0
33,Nikolai Baden Frederiksen,dk DEN,FW,Lyngby,24,2000,5,0,57,0.6,0,0,0,0,0,0,0,0,0.00,0.00,0.00,0.00,0.00,Matches,4,0,0.0,6.32,0.00,0.00,,,11,2.0,,0,5,11,7,0.00,0,3,-3,-4.74,-4.29,0,1,0,1,5,0,0,,,0
109,Nikolas Dyhr,dk DEN,DF,Randers,23,2001,26,23,2031,22.6,1,3,4,1,0,0,2,0,0.04,0.13,0.18,0.04,0.18,Matches,5,2,40.0,0.22,0.09,0.20,0.50,,78,70.5,83,8,3,38,0,1.37,40,33,+7,+0.31,+0.31,0,7,9,3,47,17,20,,,0
238,Noah Markmann,dk DEN,DF,Nordsjælland,17,2007,10,3,339,3.8,0,0,0,0,0,0,1,0,0.00,0.00,0.00,0.00,0.00,Matches,2,0,0.0,0.53,0.00,0.00,,,34,11.8,74,0,7,17,14,1.30,4,7,-3,-0.80,-0.80,0,7,4,0,0,6,5,,,0
257,Noah Nartey,dk DEN,MF,Brøndby,18,2005,28,19,1752,19.5,3,5,8,3,0,0,7,1,0.15,0.26,0.41,0.15,0.41,Matches,29,7,24.1,1.49,0.36,0.10,0.43,,63,60.8,81,8,9,24,3,1.71,36,26,+10,+0.51,+0.35,1,25,22,0,5,13,38,,,0
,Noah Nguyen,,,,,,,,,,,,,,,,,,,,,,,,,,,,,,,,,,,0,0,,1,,,,,,,,,,,,,,,,
318,Noah Shamoun,sy SYR,MF,Randers,21,2002,11,2,245,2.7,0,0,0,0,0,0,1,0,0.00,0.00,0.00,0.00,0.00,Matches,2,1,50.0,0.73,0.37,0.00,0.00,,22,8.5,45,0,9,17,11,1.27,6,5,+1,+0.37,+0.16,0,2,1,1,10,0,0,,,0
75,Norman Campbell,jm JAM,"MF,FW",Randers,24,1999,26,17,1475,16.4,7,1,8,7,0,0,6,1,0.43,0.06,0.49,0.43,0.49,Matches,35,14,40.0,2.14,0.85,0.20,0.50,,57,51.2,72,1,9,28,3,1.44,30,29,+1,+0.06,-0.32,1,34,17,8,47,11,13,,,0
28,Nóel Arnórsson,is ISL,DF,Aalborg,17,2006,16,11,872,9.7,0,2,2,0,0,0,1,0,0.00,0.21,0.21,0.00,0.21,Matches,4,0,0.0,0.41,0.00,0.00,,,55,30.3,63,2,5,36,3,0.44,8,24,-16,-1.65,-0.89,0,15,11,0,7,11,14,,,0
272,Ohi Omoijuanfo,no NOR,"FW,MF",Brøndby,30,1994,4,0,73,0.8,0,0,0,0,0,0,0,0,0.00,0.00,0.00,0.00,0.00,Matches,1,1,100.0,1.23,1.23,0.00,0.00,,18,2.5,,0,4,18,5,2.00,3,2,+1,+1.23,+0.88,0,1,1,0,0,0,0,,,0
64,Ola Brynhildsen,no NOR,MF,Midtjylland,25,1999,6,3,279,3.1,2,0,2,2,0,0,0,0,0.65,0.00,0.65,0.65,0.65,Matches,11,5,45.5,3.55,1.61,0.18,0.40,,47,9.7,72,0,3,21,0,2.33,4,2,+2,+0.65,-0.05,0,4,2,0,3,1,1,,,0
26,Oliver Antman,fi FIN,FW,Nordsjælland,22,2001,3,3,232,2.6,1,1,2,1,0,0,1,0,0.39,0.39,0.78,0.39,0.78,Matches,4,2,50.0,1.55,0.78,0.25,0.50,,77,8.1,77,0,0,,0,2.33,5,2,+3,+1.16,+1.37,0,2,1,0,3,0,2,,,0
67,Oliver Bundgaard,dk DEN,DF,Viborg,23,2001,9,6,406,4.5,1,0,1,1,0,0,0,0,0.22,0.00,0.22,0.22,0.22,Matches,4,2,50.0,0.89,0.44,0.25,0.50,,45,14.1,62,4,3,12,3,1.11,5,5,0,0.00,-0.25,0,8,5,0,10,5,8,,,1
166,Oliver Højer,dk DEN,MF,FC Copenhagen,17,2007,2,0,6,0.1,0,0,0,0,0,0,0,0,0.00,0.00,0.00,0.00,0.00,Matches,2,1,50.0,30.00,15.00,0.00,0.00,,3,0.2,,0,2,3,9,1.50,0,0,0,0.00,-0.85,0,0,1,1,0,1,0,,,0
179,Oliver Jensen,dk DEN,MF,Midtjylland,22,2002,28,26,2386,26.5,9,3,12,7,2,2,1,0,0.34,0.11,0.45,0.26,0.38,Matches,47,15,31.9,1.77,0.57,0.15,0.47,,85,82.8,89,25,2,38,0,1.96,58,36,+22,+0.83,+0.83,0,15,19,5,33,15,18,,,0
186,Oliver Jones,au AUS,MF,Randers,21,2003,1,0,1,0.0,0,0,0,0,0,0,0,0,0.00,0.00,0.00,0.00,0.00,Matches,0,0,,0.00,0.00,,,,1,0.0,,0,1,1,6,0.00,0,0,0,0.00,-0.22,0,0,0,0,0,0,0,,,0
263,Oliver Nielsen,dk DEN,DF,Vejle BK,21,2003,16,16,1440,16.0,0,0,0,0,0,0,2,0,0.00,0.00,0.00,0.00,0.00,Matches,11,2,18.2,0.69,0.12,0.00,0.00,,90,50.0,90,16,0,,0,0.38,16,39,-23,-1.44,-1.19,0,14,11,0,3,13,12,,,0
271,Oliver Olsen,dk DEN,DF,Randers,23,2000,31,31,2790,31.0,1,0,1,1,0,0,4,0,0.03,0.00,0.03,0.03,0.03,Matches,28,7,25.0,0.90,0.23,0.04,0.14,,90,96.9,90,31,0,,0,1.47,57,50,+7,+0.23,+0.23,0,45,24,2,47,40,49,,,0
303,Oliver Rose-Villadsen,dk DEN,DF,Nordsjælland,22,2001,4,2,250,2.8,0,2,2,0,0,0,0,0,0.00,0.72,0.72,0.00,0.72,Matches,2,2,100.0,0.72,0.72,0.00,0.00,,63,8.7,90,2,2,35,0,2.00,5,2,+3,+1.08,+1.29,0,0,3,0,16,2,1,,,0
304,Oliver Ross,dk DEN,"FW,MF",Aalborg,19,2004,30,24,1852,20.6,2,1,3,2,0,1,3,0,0.10,0.05,0.15,0.10,0.15,Matches,37,12,32.4,1.80,0.58,0.05,0.17,,62,64.3,71,5,6,26,1,0.80,19,41,-22,-1.07,-0.11,0,19,26,8,44,4,12,,,0
323,Oliver Sonne,pe PER,DF,Silkeborg,23,2000,16,15,1394,15.5,3,4,7,3,0,0,4,0,0.19,0.26,0.45,0.19,0.45,Matches,13,6,46.2,0.84,0.39,0.23,0.50,,87,48.4,90,14,1,45,0,1.44,26,22,+4,+0.26,-0.41,0,9,10,1,61,15,22,,,1
369,Oliver Zandén,se SWE,DF,Randers,22,2001,4,4,321,3.6,0,0,0,0,0,0,0,0,0.00,0.00,0.00,0.00,0.00,Matches,1,0,0.0,0.28,0.00,0.00,,,80,11.1,80,2,0,,3,2.00,6,3,+3,+0.84,+0.70,0,5,1,0,11,7,3,,,0
163,Olti Hyseni,dk DEN,"FW,MF",SønderjyskE,17,2007,20,13,978,10.9,2,2,4,2,0,0,2,0,0.18,0.18,0.37,0.18,0.37,Matches,30,9,30.0,2.76,0.83,0.07,0.22,,49,34.0,64,0,7,21,5,1.35,20,18,+2,+0.18,+1.08,0,26,16,5,15,6,8,,,0
327,Orri Steinn Óskarsson,is ISL,FW,FC Copenhagen,19,2004,6,5,476,5.3,5,0,5,5,0,0,0,0,0.95,0.00,0.95,0.95,0.95,Matches,20,8,40.0,3.78,1.51,0.25,0.63,,79,16.5,86,2,1,45,0,1.83,11,7,+4,+0.76,-0.10,0,3,1,8,2,1,1,,,0
154,Oscar Hedvall,dk DEN,GK,Viborg,25,1998,14,14,1260,14.0,0,0,0,0,0,0,1,0,0.00,0.00,0.00,0.00,0.00,Matches,0,0,,0.00,0.00,,,,90,43.8,90,14,0,,18,1.64,23,16,+7,+0.50,+0.50,0,0,3,0,0,0,2,,,0
313,Oscar Schwartau,dk DEN,MF,Brøndby,18,2006,4,1,144,1.6,0,0,0,0,0,0,1,0,0.00,0.00,0.00,0.00,0.00,Matches,2,1,50.0,1.25,0.62,0.00,0.00,,36,5.0,62,0,3,27,0,2.25,3,1,+2,+1.25,+0.92,0,1,3,0,0,0,3,,,0
54,Oskar Boesen,dk DEN,MF,Silkeborg,19,2005,17,2,412,4.6,0,1,1,0,0,0,0,0,0.00,0.22,0.22,0.00,0.22,Matches,5,1,20.0,1.09,0.22,0.00,0.00,,24,14.3,69,0,15,18,14,1.61,7,5,+2,+0.44,-0.04,0,6,2,1,3,1,9,,,0
72,Oskar Buur,dk DEN,DF,Lyngby,26,1998,13,11,865,9.6,0,1,1,0,0,0,0,0,0.00,0.10,0.10,0.00,0.10,Matches,3,2,66.7,0.31,0.21,0.00,0.00,,67,30.0,74,4,2,26,0,1.08,8,9,-1,-0.10,+0.61,0,5,10,1,22,11,12,,,0
150,Oskar Haugstrup,,MF,AGF,,,1,0,1,0.0,0,0,0,0,0,0,0,0,0.00,0.00,0.00,0.00,0.00,Matches,0,0,,0.00,0.00,,,,1,0.0,,0,1,1,5,0.00,0,0,0,0.00,-0.22,0,0,0,0,0,0,0,,,0
,Oskar Snorre,,,,,,,,,,,,,,,,,,,,,,,,,,,,,,,,,,,0,0,,32,,,,,,,,,,,,,,,,
99,Oumar Diakhite,sn SEN,DF,Aalborg,30,1993,13,9,866,9.6,0,0,0,0,0,0,4,0,0.00,0.00,0.00,0.00,0.00,Matches,3,0,0.0,0.31,0.00,0.00,,,67,30.1,85,8,4,25,10,0.77,6,24,-18,-1.87,-1.20,0,6,3,1,0,17,10,,,1
100,Ousmane Diao,sn SEN,DF,Midtjylland,20,2004,25,24,2062,22.9,4,1,5,4,0,0,8,2,0.17,0.04,0.22,0.17,0.22,Matches,19,6,31.6,0.83,0.26,0.21,0.67,,82,71.6,85,19,1,13,5,1.72,40,33,+7,+0.31,-1.34,2,22,5,0,1,25,30,,,1
,Ovie Ejeheri,,,,,,,,,,,,,,,,,,,,,,,,,,,,,,,,,,,0,0,,4,,,,,,,,,,,,,,,,
149,Pantelis Hatzidiakos,gr GRE,DF,FC Copenhagen,27,1997,24,24,2152,23.9,1,2,3,1,0,0,7,0,0.04,0.08,0.13,0.04,0.13,Matches,5,1,20.0,0.21,0.04,0.20,1.00,,90,74.7,90,23,0,,0,1.92,45,25,+20,+0.84,-0.03,0,20,10,2,1,19,23,,,0
132,Pascal Gregor,dk DEN,DF,Lyngby,30,1994,15,10,990,11.0,0,0,0,0,0,0,3,0,0.00,0.00,0.00,0.00,0.00,Matches,8,1,12.5,0.73,0.09,0.00,0.00,,66,34.4,86,9,5,27,1,0.60,7,15,-8,-0.73,-0.30,0,10,7,0,4,10,7,,,1
251,Patrick Mortensen,dk DEN,FW,AGF,35,1989,32,31,2705,30.1,20,0,20,17,3,4,2,0,0.67,0.00,0.67,0.57,0.57,Matches,69,39,56.5,2.30,1.30,0.25,0.44,,85,93.9,86,22,1,28,0,1.25,50,41,+9,+0.30,+1.33,0,39,26,8,1,7,4,,,0
284,Patrick Pentz,at AUT,GK,Brøndby,27,1997,30,30,2699,30.0,0,0,0,0,0,0,2,1,0.00,0.00,0.00,0.00,0.00,Matches,0,0,,0.00,0.00,,,,90,93.7,90,29,0,,0,1.63,55,44,+11,+0.37,-0.13,1,0,5,0,0,0,0,,,0
171,Paul Izzo,au AUS,GK,Randers,29,1995,32,32,2880,32.0,0,0,0,0,0,0,2,0,0.00,0.00,0.00,0.00,0.00,Matches,0,0,,0.00,0.00,,,,90,100.0,90,32,0,,0,1.45,57,50,+7,+0.22,,0,0,5,0,0,0,0,,,0
280,Paulinho,br BRA,DF,Midtjylland,29,1995,12,3,445,4.9,0,0,0,0,0,0,1,0,0.00,0.00,0.00,0.00,0.00,Matches,1,0,0.0,0.20,0.00,0.00,,,37,15.5,74,0,9,25,3,1.67,10,7,+3,+0.61,-0.10,0,5,11,3,26,8,7,,,0
59,Pedro Bravo,co COL,MF,Midtjylland,19,2004,23,14,1328,14.8,1,2,3,1,0,0,4,0,0.07,0.14,0.20,0.07,0.20,Matches,4,2,50.0,0.27,0.14,0.25,0.50,,58,46.1,81,8,9,22,2,1.83,32,22,+10,+0.68,-0.02,0,22,11,0,4,17,46,,,0
128,Pedro Ganchas,pt POR,DF,Silkeborg,24,2000,25,25,2250,25.0,1,0,1,1,0,0,3,0,0.04,0.00,0.04,0.04,0.04,Matches,8,4,50.0,0.32,0.16,0.13,0.25,,90,78.1,90,25,0,,5,1.62,44,32,+12,+0.48,+0.05,0,23,17,0,2,38,12,,,0
243,Pelle Mattsson,dk DEN,MF,Silkeborg,22,2001,25,25,2113,23.5,1,3,4,1,0,0,7,0,0.04,0.13,0.17,0.04,0.17,Matches,22,8,36.4,0.94,0.34,0.05,0.13,,85,73.4,85,20,0,,0,1.54,39,27,+12,+0.51,+0.16,0,35,75,0,7,35,34,,,0
25,Peter Ankersen,dk DEN,DF,Nordsjælland,33,1990,29,29,2601,28.9,3,4,7,3,0,0,9,0,0.10,0.14,0.24,0.10,0.24,Matches,35,14,40.0,1.21,0.48,0.09,0.21,,90,90.3,90,26,0,,0,1.59,50,45,+5,+0.17,+2.75,0,19,27,4,118,16,31,,,0
,Peter Bjur,,,,,,,,,,,,,,,,,,,,,,,,,,,,,,,,,,,0,0,,3,,,,,,,,,,,,,,,,
214,Peter Langhoff,dk DEN,MF,Lyngby,20,2004,17,14,1300,14.4,0,0,0,0,0,0,3,0,0.00,0.00,0.00,0.00,0.00,Matches,3,2,66.7,0.21,0.14,0.00,0.00,,76,45.1,89,13,3,17,9,1.24,14,17,-3,-0.21,+0.59,0,23,17,0,10,16,24,,,0
354,Peter Villum Berthelsen,dk DEN,FW,Nordsjælland,18,2006,6,2,145,1.6,0,1,1,0,0,0,0,0,0.00,0.62,0.62,0.00,0.62,Matches,2,1,50.0,1.24,0.62,0.00,0.00,,24,5.0,61,0,4,6,4,1.17,1,2,-1,-0.62,-0.55,0,8,0,0,0,1,1,,,0
301,Pontus Rödin,se SWE,DF,Silkeborg,23,2000,14,14,1247,13.9,2,0,2,2,0,0,0,0,0.14,0.00,0.14,0.14,0.14,Matches,9,4,44.4,0.65,0.29,0.22,0.50,,89,43.3,89,13,0,,1,1.79,28,15,+13,+0.94,+0.83,0,5,2,0,3,15,14,,,0
276,Ramazan Orazov,kz KAZ,"MF,FW",Silkeborg,26,1998,16,4,448,5.0,2,0,2,2,0,0,0,0,0.40,0.00,0.40,0.40,0.40,Matches,6,3,50.0,1.21,0.60,0.33,0.67,,28,15.6,66,1,12,15,13,2.19,12,5,+7,+1.41,+1.11,0,5,2,1,8,4,5,,,0
118,Rasmus Falk,dk DEN,MF,FC Copenhagen,32,1992,12,4,490,5.4,0,1,1,0,0,0,0,0,0.00,0.18,0.18,0.00,0.18,Matches,7,2,28.6,1.29,0.37,0.00,0.00,,41,17.0,82,2,8,20,8,1.83,11,3,+8,+1.47,+0.75,0,2,9,0,4,4,11,,,0
219,Rasmus Lauritsen,dk DEN,DF,Brøndby,28,1996,16,13,1185,13.2,0,0,0,0,0,0,3,1,0.00,0.00,0.00,0.00,0.00,Matches,12,3,25.0,0.91,0.23,0.00,0.00,,74,41.1,87,11,3,18,11,1.88,20,17,+3,+0.23,-0.25,0,17,9,0,0,5,5,,,0
338,Rasmus Thelander,dk DEN,DF,Lyngby,33,1991,12,10,955,10.6,1,0,1,1,0,0,4,0,0.09,0.00,0.09,0.09,0.09,Matches,7,2,28.6,0.66,0.19,0.14,0.50,,80,33.2,90,10,2,28,2,1.08,11,16,-5,-0.47,+0.09,0,9,3,1,0,13,5,,,0
339,Rasmus Thelander,dk DEN,DF,Silkeborg,33,1991,9,9,810,9.0,0,0,0,0,0,0,1,0,0.00,0.00,0.00,0.00,0.00,Matches,7,2,28.6,0.66,0.19,0.14,0.50,,80,33.2,90,10,2,28,2,1.08,11,16,-5,-0.47,+0.09,0,9,3,1,0,13,5,,,0
355,Rasmus Vinderslev,dk DEN,MF,SønderjyskE,26,1997,23,22,1891,21.0,0,2,2,0,0,0,4,0,0.00,0.10,0.10,0.00,0.10,Matches,6,3,50.0,0.29,0.14,0.00,0.00,,82,65.7,85,16,1,19,0,0.87,27,46,-19,-0.90,-1.09,0,36,23,0,5,31,23,,,0
188,Renato Junior,br BRA,FW,Viborg,22,2002,29,24,1820,20.2,4,4,8,4,0,0,8,0,0.20,0.20,0.40,0.20,0.40,Matches,49,13,26.5,2.42,0.64,0.08,0.31,,63,63.2,73,4,5,16,1,1.48,40,27,+13,+0.64,+1.15,0,21,44,4,5,13,6,,,0
86,Rezan Corlu,dk DEN,MF,Lyngby,26,1997,1,0,18,0.2,0,0,0,0,0,0,0,0,0.00,0.00,0.00,0.00,0.00,Matches,1,0,0.0,5.00,0.00,0.00,,,18,0.6,,0,1,18,1,0.00,0,1,-1,-5.00,-4.50,0,0,0,0,1,1,0,,,0
180,Richard Jensen,fi FIN,DF,Vejle BK,28,1996,11,6,602,6.7,1,0,1,1,0,0,1,0,0.15,0.00,0.15,0.15,0.15,Matches,1,1,100.0,0.15,0.15,1.00,1.00,,55,20.9,88,5,5,15,11,1.00,6,16,-10,-1.50,-0.82,0,2,1,1,0,10,7,,,0
137,Richmond Gyamfi,gh GHA,FW,AGF,19,2004,4,0,37,0.4,0,0,0,0,0,0,0,0,0.00,0.00,0.00,0.00,0.00,Matches,0,0,,0.00,0.00,,,,9,1.3,,0,4,9,10,2.25,0,0,0,0.00,-0.22,0,1,1,0,1,0,0,,,0
300,Robert,br BRA,MF,FC Copenhagen,19,2005,14,9,612,6.8,1,3,4,1,0,0,0,0,0.15,0.44,0.59,0.15,0.59,Matches,16,8,50.0,2.35,1.18,0.06,0.13,,44,21.3,56,0,5,22,9,2.07,14,3,+11,+1.62,+0.98,0,8,9,4,7,5,7,,,0
89,Robin Dahl Østrøm,no NOR,DF,Silkeborg,21,2002,31,26,2231,24.8,0,3,3,0,0,0,2,0,0.00,0.12,0.12,0.00,0.12,Matches,11,3,27.3,0.44,0.12,0.00,0.00,,72,77.5,84,18,5,12,1,1.63,41,33,+8,+0.32,-0.65,0,15,4,1,17,16,22,,,1
30,Rocco Ascone,fr FRA,FW,Nordsjælland,20,2003,2,0,32,0.4,0,0,0,0,0,0,0,0,0.00,0.00,0.00,0.00,0.00,Matches,0,0,,0.00,0.00,,,,16,1.1,,0,2,16,8,0.00,0,0,0,0.00,+0.09,0,0,0,0,0,0,0,,,0
161,Rodrigo Huescas,mx MEX,"DF,MF",FC Copenhagen,20,2003,19,16,1504,16.7,1,2,3,1,0,0,5,0,0.06,0.12,0.18,0.06,0.18,Matches,19,6,31.6,1.14,0.36,0.05,0.17,,79,52.2,90,16,3,21,7,2.11,31,14,+17,+1.02,+0.36,0,13,17,3,66,24,26,,,0
53,Rody de Boer,nl NED,GK,Aalborg,26,1997,1,1,90,1.0,0,0,0,0,0,0,0,0,0.00,0.00,0.00,0.00,0.00,Matches,0,0,,0.00,0.00,,,,90,3.1,90,1,0,,23,0.00,0,2,-2,-2.00,-1.00,0,0,0,0,0,0,0,,,0
38,Roony Bardghji,se SWE,MF,FC Copenhagen,18,2005,5,2,229,2.5,0,0,0,0,0,0,0,0,0.00,0.00,0.00,0.00,0.00,Matches,5,1,20.0,1.97,0.39,0.00,0.00,,46,8.0,70,0,3,30,2,1.80,6,4,+2,+0.79,-0.06,0,2,3,0,8,2,3,,,0
,Rúnar Alex Rúnarsson,,,,,,,,,,,,,,,,,,,,,,,,,,,,,,,,,,,0,0,,17,,,,,,,,,,,,,,,,
146,Sabil Hansen,no NOR,"DF,MF",Randers,18,2005,14,6,539,6.0,0,0,0,0,0,0,1,0,0.00,0.00,0.00,0.00,0.00,Matches,2,0,0.0,0.33,0.00,0.00,,,39,18.7,65,0,8,19,12,1.36,10,15,-5,-0.83,-1.30,0,9,5,0,7,9,21,,,0
299,Sander Ravn,dk DEN,MF,Vejle BK,17,2007,3,0,8,0.1,0,0,0,0,0,0,0,0,0.00,0.00,0.00,0.00,0.00,Matches,0,0,,0.00,0.00,,,,3,0.3,,0,3,3,7,1.00,0,0,0,0.00,+0.85,0,1,0,0,0,0,1,,,0
198,Sean Klaiber,sr SUR,"DF,MF",Brøndby,30,1994,26,21,1765,19.6,0,3,3,0,0,0,2,0,0.00,0.15,0.15,0.00,0.15,Matches,24,9,37.5,1.22,0.46,0.00,0.00,,68,61.3,79,11,5,19,1,1.46,35,38,-3,-0.15,-1.36,0,19,10,1,57,23,22,,,1
,Sebastian Laustsen,,,,,,,,,,,,,,,,,,,,,,,,,,,,,,,,,,,0,0,,3,,,,,,,,,,,,,,,,
248,Sebastian Mikkelsen,dk DEN,FW,Silkeborg,17,2006,3,0,21,0.2,0,0,0,0,0,0,0,0,0.00,0.00,0.00,0.00,0.00,Matches,0,0,,0.00,0.00,,,,7,0.7,,0,3,7,3,1.33,2,0,+2,+8.57,+8.16,0,0,1,0,0,0,0,,,0
278,Sebastian Otoa,dk DEN,DF,Aalborg,20,2004,10,9,718,8.0,0,1,1,0,0,0,0,0,0.00,0.13,0.13,0.00,0.13,Matches,6,1,16.7,0.75,0.13,0.00,0.00,,72,24.9,76,5,1,34,2,1.00,5,16,-11,-1.38,-0.46,0,13,10,0,3,8,11,,,0
314,Sebastian Sebulonsen,no NOR,"MF,DF",Brøndby,24,2000,28,24,2110,23.4,1,4,5,1,0,0,1,0,0.04,0.17,0.21,0.04,0.21,Matches,29,6,20.7,1.24,0.26,0.03,0.17,,75,73.3,84,16,4,26,0,1.64,45,28,+17,+0.73,+1.31,0,25,9,2,69,22,30,,,0
114,Sefer Emini,mk MKD,MF,SønderjyskE,24,2000,28,26,2180,24.2,1,3,4,1,0,0,4,1,0.04,0.12,0.17,0.04,0.17,Matches,62,11,17.7,2.56,0.45,0.02,0.09,,78,75.7,81,16,2,35,0,1.07,33,46,-13,-0.54,-0.02,0,31,30,3,32,43,33,,,0
315,Serginho,,FW,Viborg,23,2001,24,22,1792,19.9,5,11,16,5,0,0,4,1,0.25,0.55,0.80,0.25,0.80,Matches,61,27,44.3,3.06,1.36,0.08,0.19,,75,62.2,78,4,2,35,0,1.42,39,33,+6,+0.30,+0.22,1,17,43,10,167,4,9,,,0
151,Sigurd Hauso Haugen,no NOR,FW,AGF,27,1997,2,0,34,0.4,0,0,0,0,0,0,0,0,0.00,0.00,0.00,0.00,0.00,Matches,0,0,,0.00,0.00,,,,17,1.2,,0,2,17,5,0.50,0,2,-2,-5.29,-5.58,0,0,1,1,1,0,0,,,0
55,Simen Bolkan Nordli,no NOR,MF,Randers,24,1999,31,31,2415,26.8,14,12,26,9,5,6,2,0,0.52,0.45,0.97,0.34,0.78,Matches,64,22,34.4,2.39,0.82,0.14,0.41,,78,83.9,78,5,0,,0,1.50,49,36,+13,+0.48,+1.65,0,28,33,7,145,21,17,,,0
,Simon Maass,,,,,,,,,,,,,,,,,,,,,,,,,,,,,,,,,,,0,0,,1,,,,,,,,,,,,,,,,
,Simon Wæver,,,,,,,,,,,,,,,,,,,,,,,,,,,,,,,,,,,0,0,,1,,,,,,,,,,,,,,,,
110,Sindre Egeli,no NOR,"FW,MF",Nordsjælland,18,2006,31,28,2384,26.5,9,5,14,8,1,1,6,0,0.34,0.19,0.53,0.30,0.49,Matches,99,40,40.4,3.74,1.51,0.08,0.20,,77,82.8,83,9,3,18,0,1.48,42,45,-3,-0.11,-0.11,0,35,27,6,91,7,11,,,0
46,Sofus Berger Brix,dk DEN,MF,Silkeborg,21,2003,8,0,92,1.0,0,0,0,0,0,0,0,0,0.00,0.00,0.00,0.00,0.00,Matches,2,1,50.0,1.96,0.98,0.00,0.00,,12,3.2,,0,8,12,0,1.50,1,2,-1,-0.98,-1.49,0,0,3,0,1,0,1,,,0
47,Sofus Berger Brix,dk DEN,MF,Viborg,21,2003,3,0,49,0.5,0,0,0,0,0,0,0,0,0.00,0.00,0.00,0.00,0.00,Matches,2,1,50.0,1.96,0.98,0.00,0.00,,12,3.2,,0,8,12,0,1.50,1,2,-1,-0.98,-1.49,0,0,3,0,1,0,1,,,0
183,Sofus Johannesen,dk DEN,MF,Midtjylland,17,2007,1,0,1,0.0,0,0,0,0,0,0,0,0,0.00,0.00,0.00,0.00,0.00,Matches,0,0,,0.00,0.00,,,,1,0.0,,0,1,1,3,3.00,0,0,0,0.00,-0.69,0,0,0,0,0,0,1,,,0
210,Srđan Kuzmić,si SVN,DF,Viborg,20,2004,21,14,1496,16.6,1,2,3,1,0,0,3,0,0.06,0.12,0.18,0.06,0.18,Matches,13,3,23.1,0.78,0.18,0.08,0.33,,71,51.9,86,8,7,42,8,1.48,32,29,+3,+0.18,-0.08,0,16,21,1,8,23,24,,,0
351,Stefan Velkov,bg BUL,DF,Vejle BK,27,1996,23,23,1998,22.2,3,0,3,3,0,0,5,0,0.14,0.00,0.14,0.14,0.14,Matches,15,4,26.7,0.68,0.18,0.20,0.75,,87,69.4,87,20,0,,4,0.96,24,43,-19,-0.86,-0.04,0,26,9,1,0,28,14,,,0
,Stefen Tchamche,,,,,,,,,,,,,,,,,,,,,,,,,,,,,,,,,,,0,0,,2,,,,,,,,,,,,,,,,
4,Stephen Acquah,gh GHA,DF,Nordsjælland,18,2006,5,0,73,0.8,1,1,2,1,0,0,0,0,1.23,1.23,2.47,1.23,2.47,Matches,4,2,50.0,4.93,2.47,0.25,0.50,,15,2.5,,0,5,15,8,0.80,2,3,-1,-1.23,-1.17,0,0,0,0,0,0,0,,,0
267,Stephen Odey,ng NGA,"MF,FW",Randers,26,1998,23,9,931,10.3,1,1,2,1,0,0,3,0,0.10,0.10,0.19,0.10,0.19,Matches,24,9,37.5,2.32,0.87,0.04,0.11,,40,32.3,68,0,14,23,7,1.75,17,18,-1,-0.10,-0.47,0,15,16,6,6,3,6,,,0
325,Stijn Spierings,nl NED,MF,Brøndby,28,1996,12,4,389,4.3,0,0,0,0,0,0,2,0,0.00,0.00,0.00,0.00,0.00,Matches,2,0,0.0,0.46,0.00,0.00,,,32,13.5,72,1,8,13,13,1.42,6,7,-1,-0.23,-0.70,0,12,1,0,0,8,6,,,0
293,Stipe Radić,hr CRO,DF,Viborg,24,2000,20,18,1669,18.5,3,1,4,3,0,0,1,0,0.16,0.05,0.22,0.16,0.22,Matches,9,3,33.3,0.49,0.16,0.33,1.00,,83,58.0,88,17,2,47,11,1.70,38,30,+8,+0.43,+0.51,0,10,9,0,0,16,5,,,0
234,Sævar Magnússon,is ISL,"MF,FW",Lyngby,24,2000,31,30,2540,28.2,4,2,6,4,0,1,5,0,0.14,0.07,0.21,0.14,0.21,Matches,44,11,25.0,1.56,0.39,0.09,0.36,,82,88.2,82,16,1,68,0,0.87,21,35,-14,-0.50,+0.30,0,54,54,3,125,26,49,,,0
21,Søren Andreasen,dk DEN,FW,SønderjyskE,28,1996,3,0,56,0.6,0,0,0,0,0,0,0,0,0.00,0.00,0.00,0.00,0.00,Matches,3,2,66.7,4.82,3.21,0.00,0.00,,19,1.9,,0,3,19,2,0.33,0,1,-1,-1.61,-1.10,0,1,0,1,1,0,1,,,0
37,Tammer Bany,dk DEN,"MF,FW",Randers,20,2003,15,8,726,8.1,2,4,6,2,0,0,3,0,0.25,0.50,0.74,0.25,0.74,Matches,24,3,12.5,2.98,0.37,0.08,0.67,,48,25.2,66,0,7,29,1,1.87,15,7,+8,+0.99,+1.03,0,24,20,1,3,6,20,,,0
311,Theo Sander,dk DEN,GK,FC Copenhagen,19,2005,3,3,270,3.0,0,0,0,0,0,0,0,0,0.00,0.00,0.00,0.00,0.00,Matches,0,0,,0.00,0.00,,,,90,9.4,90,3,0,,0,2.33,6,3,+3,+1.00,+0.17,0,0,0,0,0,0,0,,,0
97,Thomas Delaney,dk DEN,MF,FC Copenhagen,32,1991,24,20,1649,18.3,5,3,8,5,0,0,8,0,0.27,0.16,0.44,0.27,0.44,Matches,23,10,43.5,1.26,0.55,0.22,0.50,,69,57.3,76,12,4,31,0,1.92,30,17,+13,+0.71,-0.31,0,41,30,0,14,34,25,,,0
136,Thomas Gundelund,dk DEN,"MF,DF",Vejle BK,22,2001,22,20,1690,18.8,1,1,2,1,0,0,2,0,0.05,0.05,0.11,0.05,0.11,Matches,10,3,30.0,0.53,0.16,0.10,0.33,,77,58.7,83,13,2,16,1,1.27,25,30,-5,-0.27,+1.40,0,12,27,1,27,14,22,,,0
191,Thomas Jørgensen,dk DEN,MF,Viborg,18,2005,27,22,1741,19.3,3,3,6,3,0,0,0,0,0.16,0.16,0.31,0.16,0.31,Matches,25,10,40.0,1.29,0.52,0.12,0.30,,,,,0,0,,2,,,,,,,0,13,24,0,52,19,33,,,0
249,Thomas Mikkelsen,dk DEN,GK,Brøndby,40,1983,1,1,90,1.0,0,0,0,0,0,0,0,1,0.00,0.00,0.00,0.00,0.00,Matches,0,0,,0.00,0.00,,,,90,3.1,90,1,0,,26,2.00,3,3,0,0.00,-0.39,0,0,0,0,0,0,0,,,0
24,Tobias Anker,dk DEN,DF,AGF,23,2001,1,0,6,0.1,0,0,0,0,0,0,0,0,0.00,0.00,0.00,0.00,0.00,Matches,0,0,,0.00,0.00,,,,6,0.2,,0,1,6,5,0.00,0,1,-1,-15.00,-15.25,0,0,0,0,0,0,0,,,0
32,Tobias Bach,ru RUS,"DF,MF",AGF,21,2003,16,3,296,3.3,0,1,1,0,0,0,1,0,0.00,0.30,0.30,0.00,0.30,Matches,4,2,50.0,1.22,0.61,0.00,0.00,,19,10.3,65,0,13,8,10,1.31,7,10,-3,-0.91,-1.26,0,6,4,0,12,4,6,,,0
43,Tobias Bech,dk DEN,FW,AGF,22,2002,30,27,2262,25.1,8,2,10,8,0,0,6,1,0.32,0.08,0.40,0.32,0.40,Matches,70,24,34.3,2.79,0.95,0.11,0.33,,75,78.5,82,12,3,17,0,1.33,43,32,+11,+0.44,+1.02,1,17,23,6,28,3,8,,,0
173,Tobias Jakobsen,dk DEN,GK,Vejle BK,21,2003,1,1,90,1.0,0,0,0,0,0,0,0,0,0.00,0.00,0.00,0.00,0.00,Matches,0,0,,0.00,0.00,,,,90,3.1,90,1,0,,31,0.00,2,3,-1,-1.00,-0.16,0,0,0,0,0,0,0,,,0
201,Tobias Klysner,dk DEN,"DF,FW",SønderjyskE,23,2001,20,9,892,9.9,1,2,3,1,0,0,0,0,0.10,0.20,0.30,0.10,0.30,Matches,3,1,33.3,0.30,0.10,0.33,1.00,,45,31.0,72,3,11,22,2,1.25,17,16,+1,+0.10,+0.92,0,4,3,0,22,18,13,,,0
220,Tobias Lauritsen,dk DEN,MF,Vejle BK,20,2004,17,14,1165,12.9,2,2,4,2,0,0,3,0,0.15,0.15,0.31,0.15,0.31,Matches,20,6,30.0,1.55,0.46,0.10,0.33,,69,40.5,76,2,3,34,5,0.71,16,24,-8,-0.62,+0.38,0,34,9,1,11,10,14,,,0
,Tobias Lykkebak,,,,,,,,,,,,,,,,,,,,,,,,,,,,,,,,,,,0,0,,1,,,,,,,,,,,,,,,,
255,Tobias Mølgaard,dk DEN,DF,AGF,28,1996,16,10,1044,11.6,1,0,1,1,0,0,2,0,0.09,0.00,0.09,0.09,0.09,Matches,2,1,50.0,0.17,0.09,0.50,1.00,,65,36.3,82,5,6,37,0,0.63,13,25,-12,-1.03,-1.97,0,16,4,1,16,18,25,,,0
310,Tobias Salquist,dk DEN,DF,Nordsjælland,29,1995,11,8,762,8.5,0,0,0,0,0,0,0,0,0.00,0.00,0.00,0.00,0.00,Matches,3,1,33.3,0.35,0.12,0.00,0.00,,69,26.5,84,5,3,31,0,1.00,12,15,-3,-0.35,-0.35,0,1,3,0,0,9,5,,,0
322,Tobias Sommer,dk DEN,"MF,DF",SønderjyskE,22,2001,25,16,1603,17.8,3,3,6,3,0,0,3,0,0.17,0.17,0.34,0.17,0.34,Matches,11,6,54.5,0.62,0.34,0.27,0.50,,64,55.7,87,12,9,24,7,1.40,28,33,-5,-0.28,+0.57,0,20,21,2,5,30,15,,,0
329,Tobias Storm,dk DEN,"MF,DF",Lyngby,20,2004,10,9,720,8.0,0,1,1,0,0,0,0,0,0.00,0.12,0.12,0.00,0.12,Matches,6,2,33.3,0.75,0.25,0.00,0.00,,72,25.0,79,4,1,12,2,0.80,5,10,-5,-0.62,-0.13,0,5,2,0,13,3,6,,,0
5,Tonni Adamsen,dk DEN,FW,Silkeborg,29,1994,32,30,2575,28.6,15,4,19,10,5,5,2,0,0.52,0.14,0.66,0.35,0.49,Matches,82,38,46.3,2.87,1.33,0.12,0.26,,80,89.4,83,16,2,40,0,1.58,52,38,+14,+0.49,+0.19,0,18,26,6,78,6,8,,,0
152,Travis Hearnes,no NOR,MF,Aalborg,18,2005,12,9,767,8.5,0,0,0,0,0,0,1,0,0.00,0.00,0.00,0.00,0.00,Matches,0,0,,0.00,0.00,,,,64,26.6,76,2,3,27,3,0.50,7,16,-9,-1.06,-0.03,0,8,9,0,1,17,4,,,0
,Tómas Óli Kristjánsson,,,,,,,,,,,,,,,,,,,,,,,,,,,,,,,,,,,0,0,,1,,,,,,,,,,,,,,,,
22,Valdemar Andreasen,dk DEN,MF,Midtjylland,19,2005,22,10,925,10.3,2,2,4,2,0,0,0,1,0.19,0.19,0.39,0.19,0.39,Matches,23,8,34.8,2.24,0.78,0.09,0.25,,42,32.1,67,1,12,21,4,1.86,21,12,+9,+0.88,+0.28,0,8,17,2,54,15,15,,,0
92,Valdemar Damgaard,dk DEN,MF,Aalborg,17,2007,3,1,81,0.9,0,0,0,0,0,0,0,0,0.00,0.00,0.00,0.00,0.00,Matches,1,0,0.0,1.11,0.00,0.00,,,27,2.8,63,0,2,9,8,2.00,0,2,-2,-2.22,-1.23,0,2,0,0,1,0,1,,,0
124,Victor Froholdt,dk DEN,MF,FC Copenhagen,18,2006,30,21,2022,22.5,3,2,5,3,0,0,4,0,0.13,0.09,0.22,0.13,0.22,Matches,17,7,41.2,0.76,0.31,0.18,0.43,,67,70.2,87,17,9,22,1,2.03,44,25,+19,+0.85,+0.01,0,16,29,1,18,39,39,,,0
181,Victor Jensen,dk DEN,DF,Midtjylland,20,2003,21,18,1447,16.1,1,3,4,1,0,0,0,0,0.06,0.19,0.25,0.06,0.25,Matches,7,5,71.4,0.44,0.31,0.14,0.20,,69,50.2,74,7,3,36,5,1.90,30,19,+11,+0.68,-0.01,0,18,7,1,35,24,27,,,0
224,Victor Lind,dk DEN,"FW,MF",Midtjylland,21,2003,3,0,56,0.6,1,0,1,1,0,0,0,0,1.61,0.00,1.61,1.61,1.61,Matches,2,1,50.0,3.21,1.61,0.50,1.00,,19,1.9,,0,3,19,2,1.33,3,0,+3,+4.82,+4.22,0,0,0,0,3,1,0,,,0
,Viggo Matthiesen,,,,,,,,,,,,,,,,,,,,,,,,,,,,,,,,,,,0,0,,2,,,,,,,,,,,,,,,,
83,Viktor Claesson,se SWE,"MF,FW",FC Copenhagen,32,1992,28,15,1465,16.3,6,4,10,6,0,0,1,0,0.37,0.25,0.61,0.37,0.61,Matches,38,13,34.2,2.33,0.80,0.16,0.46,,52,50.9,79,7,13,22,2,2.00,32,15,+17,+1.04,+0.41,0,19,8,3,6,6,14,,,0
252,Vincent Müller,de GER,GK,Aalborg,23,2000,30,30,2700,30.0,0,0,0,0,0,0,1,0,0.00,0.00,0.00,0.00,0.00,Matches,0,0,,0.00,0.00,,,,90,93.8,90,30,0,,1,0.80,33,62,-29,-0.97,+1.03,0,0,7,0,0,0,1,,,0
94,Wessel Dammers,nl NED,DF,Randers,29,1995,31,31,2790,31.0,6,0,6,6,0,0,3,0,0.19,0.00,0.19,0.19,0.19,Matches,15,9,60.0,0.48,0.29,0.40,0.67,,90,96.9,90,31,0,,0,1.47,56,49,+7,+0.23,+0.23,0,12,16,0,1,31,15,,,0
84,William Clem,dk DEN,MF,FC Copenhagen,20,2004,13,6,631,7.0,0,1,1,0,0,0,1,0,0.00,0.14,0.14,0.00,0.14,Matches,14,2,14.3,2.00,0.29,0.00,0.00,,49,21.9,79,2,7,22,9,1.85,16,11,+5,+0.71,-0.17,0,13,10,0,4,14,17,,,0
231,William Lykke,dk DEN,GK,Nordsjælland,19,2004,2,2,180,2.0,0,0,0,0,0,0,0,0,0.00,0.00,0.00,0.00,0.00,Matches,0,0,,0.00,0.00,,,,90,6.3,90,2,0,,27,0.00,0,3,-3,-1.50,-1.50,0,0,0,0,0,0,0,,,0
,William Sonne Schmidt,,,,,,,,,,,,,,,,,,,,,,,,,,,,,,,,,,,0,0,,3,,,,,,,,,,,,,,,,
326,William Steindorsson,dk DEN,MF,Lyngby,19,2005,1,0,17,0.2,0,0,0,0,0,0,0,0,0.00,0.00,0.00,0.00,0.00,Matches,0,0,,0.00,0.00,,,,17,0.6,,0,1,17,2,3.00,1,0,+1,+5.29,+5.86,0,0,1,0,0,0,0,,,0
209,Willy Kumado,gh GHA,"MF,DF",Lyngby,21,2002,17,12,1096,12.2,0,0,0,0,0,0,2,0,0.00,0.00,0.00,0.00,0.00,Matches,3,1,33.3,0.25,0.08,0.00,0.00,,64,38.1,82,9,5,22,0,0.59,7,15,-8,-0.66,-0.20,0,11,11,2,34,5,7,,,0
260,Yeni Ngbakoto,cd COD,"MF,FW",Vejle BK,32,1992,21,6,670,7.4,1,0,1,1,0,0,1,0,0.13,0.00,0.13,0.13,0.13,Matches,15,3,20.0,2.01,0.40,0.07,0.33,,32,23.3,68,0,15,17,10,0.48,7,17,-10,-1.34,-0.65,0,11,6,1,16,3,3,,,0
265,Yonis Njoh,fr FRA,FW,Viborg,20,2004,14,9,808,9.0,6,0,6,6,0,0,0,0,0.67,0.00,0.67,0.67,0.67,Matches,22,8,36.4,2.45,0.89,0.27,0.75,,58,28.1,79,3,5,19,0,1.79,20,10,+10,+1.11,+1.24,0,4,9,0,10,5,4,,,0
35,Younes Bakiz,dk DEN,"FW,MF",Silkeborg,25,1999,25,24,1881,20.9,10,7,17,10,0,0,4,0,0.48,0.33,0.81,0.48,0.81,Matches,58,26,44.8,2.78,1.24,0.17,0.38,,75,65.3,77,5,1,33,0,1.52,40,20,+20,+0.96,+1.41,0,29,43,2,38,6,13,,,0
34,Youssouph Badji,sn SEN,FW,AGF,22,2001,15,2,365,4.1,1,3,4,1,0,0,0,0,0.25,0.74,0.99,0.25,0.99,Matches,8,3,37.5,1.97,0.74,0.13,0.33,,24,12.7,71,0,13,17,4,1.00,10,7,+3,+0.74,+0.60,0,7,4,0,3,1,5,,,0
330,Yuito Suzuki,jp JPN,"MF,FW",Brøndby,22,2001,32,30,2597,28.9,12,4,16,11,1,2,3,0,0.42,0.14,0.55,0.38,0.52,Matches,70,29,41.4,2.43,1.01,0.16,0.38,,81,90.2,84,12,2,35,0,1.59,54,45,+9,+0.31,-0.64,0,34,21,3,102,10,25,,,0
316,Zidan Sertdemir,dk DEN,"MF,FW",Nordsjælland,19,2005,31,10,1116,12.4,1,1,2,1,0,0,1,0,0.08,0.08,0.16,0.08,0.16,Matches,9,2,22.2,0.73,0.16,0.11,0.50,,36,38.8,69,2,21,20,1,1.48,24,27,-3,-0.24,-0.24,0,17,17,0,3,7,14,,,0
368,Žan Zaletel,si SVN,DF,Viborg,24,1999,5,5,374,4.2,0,0,0,0,0,0,0,0,0.00,0.00,0.00,0.00,0.00,Matches,1,0,0.0,0.24,0.00,0.00,,,75,13.0,75,4,0,,0,0.40,8,12,-4,-0.96,-1.36,0,1,1,1,0,5,2,,,0
